,person_ctry_code,year,total,B60L,H01M,F03D,H01L,RTA_B60L,RTA_H01M,RTA_F03D,RTA_H01L
0,AR,1998,1217.76540404,0.0,7.0,2.0,1.13333333333,0.0,0.260742020966,0.406892433492,0.00906741874418
1,AR,2001,2245.11023469,0.0833333333333,0.0,12.25,2.97380952381,0.0150951078682,0.0,1.35179759382,0.0129052113154
2,AR,2004,1188.34779942,0.0,0.0,1.33333333333,1.73125,0.0,0.0,0.277976716307,0.0141940346828
3,AR,2007,1161.47552827,1.45,3.43088023088,7.0,6.27262566138,0.507706910716,0.133989915365,1.49314239356,0.0526173471976
4,AR,2010,1103.93227457,0.0,0.0,1.375,7.43293650794,0.0,0.0,0.308584080573,0.0656005732514
5,AT,1998,20693.3593018,22.503968254,37.8948412698,12.0,139.064941969,0.442265685342,0.083066461945,0.143669141809,0.0654751198912
6,AT,2001,24325.3789909,26.7167989418,60.4256275338,10.5333333333,272.913322985,0.446662963838,0.112677751815,0.107280172366,0.109308708747
7,AT,2004,26250.2779567,23.8681955165,68.0220141188,22.6,391.019361143,0.369777785158,0.117541762888,0.213298490904,0.145128931359
8,AT,2007,28060.2558432,9.4323962149,104.709126984,38.1867424242,742.787532781,0.13670536079,0.169265922081,0.337158595033,0.257906698058
9,AT,2010,26641.2059398,46.7128154253,167.838148148,113.106746032,791.436274175,0.713078431012,0.285767883671,1.05183563152,0.289435444316
10,AU,1998,13497.5243621,1.0,41.2876509455,7.74285714286,35.2843137255,0.0301301307641,0.138753093223,0.142121694391,0.0254693110189
11,AU,2001,19160.4375299,6.29212454212,84.6261350492,6.51666666667,108.245344802,0.133550963229,0.200343706331,0.0842623049922,0.0550419039496
12,AU,2004,23660.8180253,3.92711940837,121.405889185,28.1980880231,186.067673364,0.0674993340015,0.232748353762,0.295259008162,0.0766180004434
13,AU,2007,24672.299682,9.50833333333,48.0277296777,39.8071789322,181.882521368,0.156729195136,0.0882996628192,0.399728413097,0.0718242296116
14,AU,2010,20229.4704929,10.4542328042,67.1907473545,30.8317460317,243.257433169,0.210166159616,0.150661253231,0.377595538951,0.117157810425
15,BE,1998,18587.642903,1.5,20.9451923077,11.6666666667,161.855072945,0.0328187529863,0.0511136212974,0.155501906957,0.0848382374656
16,BE,2001,21164.6337635,18.7916666667,17.3895502646,28.3857142857,263.859741861,0.361085192349,0.0372695553757,0.33227855976,0.121465241343
17,BE,2004,20699.8948822,10.2956349206,26.4201273264,29.4079365079,390.865190802,0.202274031646,0.0578953102303,0.351973253049,0.18397063069
18,BE,2007,22746.4629712,3.12222222222,40.005010545,9.72301587302,534.416722539,0.0558219589005,0.0797768959123,0.105901075443,0.228905278178
19,BE,2010,17637.8932369,5.08333333333,50.0454605778,41.7026190476,519.099126749,0.11720793541,0.12870475737,0.585773703381,0.286743268144
20,BG,1998,1736.1338041,0.25,16.4936507937,3.2,4.74126984127,0.0585614675926,0.430933464877,0.456646396724,0.0266073193281
21,BG,2001,1525.39802697,3.0,8.04063492063,8.0,7.95952380952,0.79982175176,0.239102315883,1.29933176761,0.0508385959561
22,BG,2004,1504.65164996,1.5,0.760084033613,7.56666666667,19.7326190476,0.405424910842,0.0229140714671,1.24589627342,0.127772798787
23,BG,2007,1135.9985089,1.33333333333,5.84772727273,11.6357142857,14.7499669312,0.477327121865,0.233499506802,2.53763138735,0.126503612403
24,BG,2010,999.637604548,1.5,3.54672619048,9.97619047619,19.1826465201,0.610244410832,0.16093914731,2.47249486034,0.186962962469
25,BR,1998,17566.1361333,4.5,22.8833333333,10.0,9.23958333333,0.104181691933,0.0590907717296,0.141038280961,0.00512466858576
26,BR,2001,19870.5278957,7.02777777778,18.6666666667,23.5,11.5206349206,0.143834726496,0.0426122029138,0.293002757272,0.0056488058898
27,BR,2004,22063.6014042,8.16666666667,27.0595238095,33.8214285714,28.0380952381,0.150530173822,0.0556314482191,0.379777118186,0.0123811716759
28,BR,2007,24176.3081,9.25,48.4944444444,63.0119047619,27.6869808332,0.155599030842,0.0909868491832,0.645722435807,0.011157714905
29,BR,2010,24090.0222604,21.5333333333,49.1174603175,77.1904761905,49.9744306418,0.363520743952,0.0924858560665,0.793852412357,0.0202115814246
30,CA,1998,38603.6890337,15.4484126984,354.047395151,20.5333333333,183.856927533,0.162745950417,0.416015214664,0.131778299476,0.0464024414752
31,CA,2001,51011.3048431,24.216005291,610.22530905,37.0452380952,293.723133703,0.193059513144,0.542625754221,0.179919902776,0.0560998063679
32,CA,2004,58612.2541292,52.2945796796,919.528939391,103.811544828,442.328051597,0.362846876811,0.711628933119,0.438803901139,0.0735268059547
33,CA,2007,62951.8817197,35.2570827321,657.455094897,106.531096681,583.128648409,0.227768045426,0.473733392277,0.419257588117,0.0902496037914
34,CA,2010,56483.5658041,45.0511294261,415.568565684,153.205079349,627.216399849,0.324368530852,0.333731501683,0.671992317826,0.10818945708
35,CN,1998,141459.843705,55.375,447.796897547,87.6666666667,469.066222034,0.159197301486,0.143590109148,0.153537537141,0.0323065534001
36,CN,2001,230131.350049,269.05952381,1067.69007937,138.805555556,1617.78703677,0.475475036586,0.210448600196,0.14943224237,0.0684912682112
37,CN,2004,408898.997388,423.367694805,2460.88458786,316.647619048,6168.77121371,0.421072430194,0.272993194064,0.191855136593,0.146984743821
38,CN,2007,671700.659285,716.948941799,4544.28242988,1089.54261905,9592.24934624,0.434077814697,0.306878285987,0.401866401903,0.139134338299
39,CN,2010,363155.498841,383.852012987,2428.96212478,956.307595599,4464.79898969,0.429859307218,0.303392427924,0.652406426995,0.119784032286
40,CY,1998,140.783264366,0.0,0.0555555555556,0.0,0.5,0.0,0.0179000021456,0.0,0.0346025906653
41,CY,2001,347.668001443,0.0,0.766666666667,0.0,0.6,0.0,0.100027284616,0.0,0.0168141985429
42,CY,2004,382.555952381,0.75,0.0,0.0,7.59259259259,0.797299397952,0.0,0.0,0.193368075578
43,CY,2007,519.588095238,0.0,0.75,8.5,6.60257936508,0.0,0.0654754799499,4.05296621719,0.123806680719
44,CY,2010,376.437770563,0.0,0.7,9.04166666667,4.42222222222,0.0,0.0843492968404,5.95070675964,0.114455590924
45,CZ,1998,6104.80586913,4.83333333333,4.8375,13.0833333333,25.2742424242,0.321980837705,0.0359439448421,0.530957547144,0.0403362881405
46,CZ,2001,6350.06968032,1.0,4.17665834166,9.0,12.2686813187,0.0640437340841,0.0298350712214,0.351137545141,0.0188238752837
47,CZ,2004,6361.33147686,9.72777777778,9.6487293956,10.75,13.1300444925,0.621900278182,0.0688016287213,0.418671779061,0.0201098028662
48,CZ,2007,6763.5905349,2.70238095238,11.3173280423,16.6666666667,22.7668374218,0.162489162388,0.0759002516722,0.61049862756,0.0327955592015
49,CZ,2010,8305.79078071,9.15436507937,25.1697222222,15.2714285714,48.6351190476,0.448231503846,0.137459276773,0.455524697111,0.0570503926772
50,DE,1998,393585.632741,378.263893536,1448.19631837,336.667857143,4784.322021,0.390850604748,0.166903260756,0.211921816571,0.118432475872
51,DE,2001,471922.108725,449.678379532,2639.69138547,694.447835498,7997.29031352,0.387513484996,0.25372277375,0.364571365502,0.165105743046
52,DE,2004,472028.196888,417.010376201,2743.88128044,1249.83366883,9260.99061863,0.359280838521,0.263678059407,0.65599046615,0.191152130998
53,DE,2007,477760.911768,493.15764097,2744.15088395,1131.40585761,9871.64677854,0.41978825941,0.260539749466,0.58670671394,0.201311522971
54,DE,2010,407019.245016,863.798819479,3931.06315196,1847.55123136,9935.95734525,0.863083468717,0.438098428739,1.12459149727,0.237839737027
55,DK,1998,16658.8117131,1.25,49.1167443667,46.8484848485,16.7476190476,0.030515544943,0.133740262751,0.696730431955,0.0097948704433
56,DK,2001,19734.2941098,1.66666666667,91.4500555001,153.146428571,42.0515086765,0.0343464843282,0.210203041722,1.92264245057,0.0207610649486
57,DK,2004,20154.0843631,1.16666666667,55.6365440115,274.147142857,51.0403108466,0.023541755994,0.125219997859,3.37003104743,0.0246740181855
58,DK,2007,20081.8257788,0.5,164.260912698,392.175569986,85.9544083694,0.0101256274828,0.371028829095,4.8382754692,0.0417017809154
59,DK,2010,17231.5816497,5.2003968254,191.210793651,959.283064898,64.1509401709,0.122734449438,0.503342823615,13.7922425284,0.0362716678079
60,EE,1998,301.312973138,0.333333333333,0.0,1.0,1.0,0.449900059935,0.0,0.822233977369,0.032334921518
61,EE,2001,263.11978022,0.0,0.163636363636,0.0,1.87777777778,0.0,0.0282099905984,0.0,0.0695312984188
62,EE,2004,434.689213564,2.33333333333,1.65619834711,1.0,6.05242424242,2.18299659413,0.172826407466,0.569946887581,0.135656353981
63,EE,2007,533.007947125,0.5,8.0,2.66666666667,8.86618357488,0.381497289313,0.680820966525,1.23950504264,0.162066284889
64,EE,2010,897.306739864,0.5,1.66666666667,7.83333333333,6.21014492754,0.226612682127,0.0842528186493,2.16281278305,0.0674295789219
65,ES,1998,21707.775555,12.5952380952,41.3166666667,27.7666666667,32.3474867725,0.235964242302,0.086334936313,0.316899587691,0.0145182698157
66,ES,2001,26347.7097204,16.8928571429,40.2463203463,90.9083333333,46.9433315751,0.260744631742,0.0692883036456,0.854818821009,0.0173588392009
67,ES,2004,28460.5574256,14.6964285714,31.7031746032,88.5103896104,55.5755183244,0.210002054156,0.050528449272,0.77048484467,0.0190252232609
68,ES,2007,32585.4585383,7.52380952381,67.6204834055,272.181442577,140.466018205,0.0939007566971,0.0941306491271,2.06941658273,0.0419988188657
69,ES,2010,31218.4691218,41.4382936508,44.3815656566,370.971358826,215.200450832,0.539815558665,0.0644863261626,2.94402862504,0.0671616282126
70,FI,1998,24824.1273917,2.1,16.6416666667,20.8333333333,126.779599567,0.03440332673,0.0304088115172,0.207920840166,0.0497582418205
71,FI,2001,32924.3764138,1.5,31.9839133089,14.5307692308,95.2338021701,0.0185280125997,0.0440646840616,0.109341316212,0.0281814417382
72,FI,2004,30707.9142953,3.14285714286,27.9137057387,11.7253968254,189.137038055,0.0416226241614,0.0412328918848,0.0945998569717,0.0600089331259
73,FI,2007,27943.8827174,5.48849206349,52.6176948052,32.6902319902,228.593817906,0.0798769414778,0.0854125497971,0.28983077812,0.0797016611774
74,FI,2010,22203.2205109,11.8672619048,94.1993746994,31.9944444444,233.480587336,0.217365038047,0.192445901755,0.357002988251,0.102452945069
75,FR,1998,137668.918156,79.1038059163,433.500500361,48.2583333333,1286.21202207,0.233677348484,0.142833580368,0.0868459698143,0.0910261777743
76,FR,2001,158285.585031,143.566100566,427.167068335,66.6388888889,1893.78569012,0.368863493681,0.12241454357,0.104303680051,0.116567936023
77,FR,2004,156577.192685,146.25009374,713.625086468,87.6821428571,2340.8738058,0.379859320844,0.2067370075,0.138738151175,0.145659609625
78,FR,2007,160619.545923,169.37281746,972.2573851,100.811111111,2617.68707929,0.428845102439,0.274574041389,0.155497445076,0.158784818705
79,FR,2010,142059.700707,258.717756345,1001.07415088,197.526424964,3157.56653389,0.740645651686,0.31964798514,0.344482812447,0.216556516621
80,GB,1998,95368.786653,30.9813492063,276.850357906,17.3428571429,557.075612883,0.132114110828,0.131678676015,0.0450534071036,0.0569111722746
81,GB,2001,114050.970711,24.1353174603,520.826839604,36.0702380952,1063.30840112,0.0860615505002,0.207143347206,0.0783543790281,0.0908343057447
82,GB,2004,111571.390204,15.608958634,501.720587817,108.96007215,1269.40032723,0.0568952777217,0.203979112135,0.241951204048,0.11084992494
83,GB,2007,107131.855477,25.7340094123,588.287744473,174.603099678,1436.39105971,0.0976886178953,0.249085125324,0.403781644638,0.130630235125
84,GB,2010,89600.119795,53.4672438672,460.627063614,322.163967236,1441.3920898,0.24268019981,0.233194057851,0.890802904539,0.156733988697
85,GR,1998,760.825270563,0.0,0.342857142857,1.0,3.88805916306,0.0,0.0204411296016,0.325632932977,0.0497894785208
86,GR,2001,869.016995003,0.0,8.25714285714,0.0,9.9730952381,0.0,0.431000870928,0.0,0.111812752453
87,GR,2004,1118.30002914,0.0,1.45751730568,5.0,9.24628427128,0.0,0.059119670242,1.10770704588,0.0805561212972
88,GR,2007,1316.99685073,0.0714285714286,7.92441447441,4.75,18.4392085538,0.0220567928463,0.272934895689,0.893556715752,0.136410305599
89,GR,2010,2423.97743906,1.82063492063,11.8826388889,31.8166666667,18.1783730159,0.305456542496,0.222362191208,3.25191626852,0.0730661256536
90,HR,1998,734.055555556,0.0,0.0,2.0,0.0,0.0,0.0,0.675016386596,0.0
91,HR,2001,1139.72251082,1.0,0.0,10.25,3.46203703704,0.356825604619,0.0,2.22811698491,0.0295952644822
92,HR,2004,1552.63856545,0.0,0.133333333333,8.75,2.83333333333,0.0,0.00389533655591,1.39621060959,0.0177793935696
93,HR,2007,1170.30775152,0.0,2.33333333333,5.0,7.06904761905,0.0,0.0904384942335,1.05848125852,0.0588505420848
94,HR,2010,910.301354201,1.0,1.0,11.6666666667,3.81666666667,0.446755541058,0.0498300623267,3.17522752648,0.0408496824757
95,HU,1998,3860.25223531,1.33333333333,13.1666666667,8.0,1.93055555556,0.140468255866,0.154716551563,0.513437463117,0.00487254953224
96,HU,2001,4789.29191181,1.5,8.70833333333,3.5,8.18333333333,0.127372328157,0.0824784242353,0.181054776185,0.0166474828131
97,HU,2004,4871.32784965,4.475,11.75,12.8333333333,10.9406746032,0.373594794873,0.109412546586,0.652687605333,0.0218819682741
98,HU,2007,4403.72269954,5.5,6.71180555556,17.0,11.5468420468,0.507922980108,0.0691346902893,0.956405814143,0.0255465879479
99,HU,2010,3971.34710908,3.875,10.8928571429,34.1666666667,15.1371031746,0.396815836302,0.124417244783,2.13146405548,0.0371359523223
100,ID,1998,246.273412698,0.0,2.0,0.0,0.858333333333,0.0,0.368374098681,0.0,0.0339569044048
101,ID,2001,311.775987025,0.0,0.933333333333,0.0,5.45476190476,0.0,0.135790920715,0.0,0.170460115337
102,ID,2004,174.021861472,0.0,0.35,0.0,12.8114718615,0.0,0.0912306677523,0.0,0.717273620907
103,ID,2007,242.412121212,0.0,0.244412878788,0.0,31.92562981,0.0,0.0457347567653,0.0,1.28314218625
104,ID,2010,260.089809707,0.0,0.0763888888889,1.0,27.1782257095,0.0,0.013322430869,0.952554675691,1.01809289374
105,IE,1998,3872.37330538,0.0,1.275,2.16666666667,21.9765843812,0.0,0.014935149917,0.138620714928,0.0552933138935
106,IE,2001,5466.42904275,2.07407407407,3.59027777778,3.83333333333,42.6965325311,0.154303467022,0.0297920888893,0.17373452075,0.0760989270327
107,IE,2004,5873.26296406,0.0,5.70279839208,1.53571428571,103.19915202,0.0,0.0440438415618,0.0647804899425,0.171193126972
108,IE,2007,6981.40406728,0.0833333333333,16.6984126984,2.25,91.6923643164,0.00485435033438,0.108494827805,0.0798459685737,0.127961711028
109,IE,2010,6776.35577035,2.16666666667,18.7182539683,32.4722222222,110.170806878,0.130032238602,0.125298466421,1.18721414218,0.15840174916
110,IL,1998,10374.1511647,0.658333333333,76.0251881932,1.83333333333,110.921726409,0.0258076470047,0.332415718213,0.0437826569204,0.1041726448
111,IL,2001,17163.2786808,1.0,101.621282803,2.0,207.576761312,0.023694900117,0.268572188354,0.0288697479012,0.117833321395
112,IL,2004,19592.410023,0.4,85.6877888798,7.86904761905,228.775874372,0.00830285143163,0.198384480473,0.0995056091046,0.113765873283
113,IL,2007,25034.2696616,3.60555555556,99.6700735576,12.0119047619,316.03411057,0.0585723167367,0.180595311793,0.118874910841,0.122995345245
114,IL,2010,22241.5240095,14.7135281385,54.2455636956,34.3345238095,373.112836251,0.26903415469,0.110630863851,0.382454465745,0.163442610482
115,IN,1998,1831.85914725,0.306666666667,2.9537037037,0.2,32.9509594527,0.0680815808833,0.0731394128041,0.0270489971577,0.175253067888
116,IN,2001,4990.92506951,0.0,3.14196248196,2.0,88.0633572228,0.0,0.0285559468089,0.0992800977315,0.171911064769
117,IN,2004,10654.504544,0.593055555556,30.9473384948,0.775,119.539755771,0.022636915837,0.131754866532,0.0180211164739,0.109312228261
118,IN,2007,14268.8033495,1.4755952381,28.5337564442,9.44880952381,246.644435603,0.0420566647885,0.0907085065127,0.164060031906,0.168412146576
119,IN,2010,18235.5873391,21.1444444444,60.2553714639,50.7166269841,359.668643266,0.471554245841,0.14988308778,0.689039083283,0.192164191418
120,IT,1998,53052.7333376,32.1166666667,177.739464286,13.75,589.956919446,0.246194210941,0.151968200845,0.0642108152646,0.108343329314
121,IT,2001,64404.193596,32.2452380952,181.261932512,7.5,656.712062977,0.203613504001,0.12766418535,0.0288509665097,0.0993460236311
122,IT,2004,62865.8970862,15.8556709957,280.625653488,49.2520833333,529.348146465,0.102571013061,0.202483142152,0.19409874995,0.0820381619345
123,IT,2007,59790.7134051,30.943523606,225.931240131,64.6952380952,564.102103918,0.210470468327,0.171403296429,0.268072231939,0.091920764171
124,IT,2010,44314.7474516,20.2279220779,134.989357864,126.121167027,568.119850709,0.185634259466,0.138174490548,0.705103632666,0.124905432524
125,JP,1998,305748.633989,282.644498043,3332.09665908,6.75952380952,17311.5081873,0.375950915757,0.494344475314,0.00547727853756,0.551645426634
126,JP,2001,379322.805868,362.092657347,5489.2495827,37.6050685426,23600.2095491,0.388209268753,0.656418242971,0.0245612621365,0.606172942045
127,JP,2004,457160.835054,505.771472791,7768.95267967,197.972743923,32658.2858296,0.449925335552,0.770850357304,0.10728762591,0.696007645629
128,JP,2007,534526.842275,867.556928743,10482.7976506,172.553415103,40470.7006876,0.66006028129,0.889578550922,0.0799774015937,0.73766783414
129,JP,2010,452720.893834,1040.79928647,10087.3809128,691.771421634,37848.1223249,0.934956884712,1.01070520316,0.378569244359,0.814523168988
130,KR,1998,151925.156702,109.073809524,797.322661489,14.75,15856.3527856,0.291975173492,0.238057042584,0.0240533503686,1.01686488154
131,KR,2001,253407.262645,140.100396825,1621.9807001,118.4,22401.2832563,0.224840966938,0.290337574139,0.115756635352,0.861278253784
132,KR,2004,231225.781191,163.900209235,2459.3626321,117.575,22542.6091808,0.288269297096,0.482461801149,0.125977208907,0.949855558122
133,KR,2007,438190.786741,338.634506735,7220.84825359,321.540079365,44022.0733152,0.314284602883,0.747483474389,0.181796334605,0.978806608168
134,KR,2010,445521.850353,746.73664843,6184.75155012,1265.13492063,37325.2072841,0.68163768705,0.629694454579,0.703527510923,0.816249374718
135,LT,1998,382.241883117,0.0,0.0,0.5,1.23333333333,0.0,0.0,0.324074591612,0.0314363300183
136,LT,2001,275.778213453,0.0,0.0,0.8,0.966666666667,0.0,0.0,0.718692782099,0.0341512363971
137,LT,2004,370.877886003,0.0,1.0,0.8,1.86588966589,0.0,0.122305413528,0.534407196948,0.0490167669375
138,LT,2007,323.813776866,0.0,0.0,1.0,5.13226773227,0.0,0.0,0.765099517178,0.15442002688
139,LT,2010,423.479072682,0.166666666667,0.166666666667,11.6666666667,7.55731292517,0.160055990271,0.0178522687196,6.82539965659,0.173870176085
140,LU,1998,1700.62282162,0.5,23.5015873016,0.0,4.20833333333,0.119568598296,0.626853149101,0.0,0.0241096980448
141,LU,2001,2312.36745477,0.0,22.9136243386,0.0,2.6005952381,0.0,0.449483298853,0.0,0.0109573505683
142,LU,2004,2213.19849025,0.0,14.4411221054,1.40625,10.4726190476,0.0,0.295976475333,0.157418373287,0.0461025112603
143,LU,2007,2375.59222722,0.283333333333,15.2555555556,9.1875,24.8144444444,0.0485043748892,0.29129481301,0.958161478119,0.10177059247
144,LU,2010,2513.46128039,0.405555555556,12.7047619048,19.1965277778,16.6497420635,0.0656195567073,0.229282522121,1.89218559686,0.0645394042863
145,LV,1998,542.670634921,0.0,5.5,13.1916666667,0.766666666667,0.0,0.459730150543,6.02249706831,0.0137644829338
146,LV,2001,392.643082159,0.0,3.0,21.5,0.0,0.0,0.346577148131,13.5660608203,0.0
147,LV,2004,427.213095573,1.0,0.5,11.0,0.0,0.95194219989,0.053088697053,6.37912890765,0.0
148,LV,2007,338.917752101,1.0,0.0,0.0,0.025,1.19994356006,0.0,0.0,0.000718679626427
149,LV,2010,318.131836146,0.0,0.0,16.0,3.41666666667,0.0,0.0,12.4602311966,0.104636961657
150,MT,1998,53.15,0.0,0.0,0.0,0.0,0.0,0.0,0.0,0.0
151,MT,2001,106.266666667,0.0,0.0833333333333,0.0,0.129166666667,0.0,0.0355711835131,0.0,0.0118424902565
152,MT,2004,125.033333333,0.0,0.666666666667,0.0,0.366666666667,0.0,0.241857495153,0.0,0.0285716461548
153,MT,2007,276.927777778,0.0,10.6966666667,0.0,3.54761904762,0.0,1.75209867374,0.0,0.124813079693
154,MT,2010,350.345609946,0.0,2.19428571429,0.533333333333,5.60714285714,0.0,0.284101230661,0.377151029997,0.155931760847
155,MX,1998,990.04255715,0.05,2.97916666667,0.0,2.72222222222,0.0205386208444,0.136495255579,0.0,0.0267891758879
156,MX,2001,1688.09697773,0.0,1.44444444444,0.0,6.99079365079,0.0,0.0388132553722,0.0,0.040347695329
157,MX,2004,2730.34546565,1.0,9.08333333333,2.0,2.36563958917,0.148948980684,0.150905222518,0.18147869378,0.00844151935334
158,MX,2007,3378.2044214,0.5,15.5087301587,6.5,6.29930555556,0.0601920611206,0.208241331889,0.476695092216,0.0181675511171
159,MX,2010,4276.32745442,1.89285714286,6.72222222222,13.4818181818,26.2776034151,0.180012233903,0.0713047614082,0.781071448099,0.0598693361418
160,NL,1998,46960.3255175,5.92857142857,115.513158369,32.2,635.480513472,0.0513421551245,0.111577590599,0.169878345683,0.131844124623
161,NL,2001,60644.9012967,22.1035742036,242.356061901,54.475,1549.39445858,0.148225645002,0.181274289906,0.222544156617,0.248918598329
162,NL,2004,69852.9612784,9.92067099567,167.198383324,76.5297619048,2185.5724341,0.0577578956487,0.108573508265,0.271430589765,0.304838646374
163,NL,2007,70626.0309887,5.49943787931,172.782412391,73.3447979798,2374.6485656,0.0316671250153,0.110971473287,0.257286954405,0.327585135458
164,NL,2010,51027.4594431,10.4277777778,119.003481842,159.176587302,1756.05651194,0.0831080242513,0.105787009764,0.772838044891,0.335292766082
165,PL,1998,11705.9390424,5.70833333333,23.9656565657,14.75,37.4695048227,0.198316205273,0.0928666313951,0.312175640991,0.0311861194102
166,PL,2001,10578.3909085,4.75,20.7708333333,23.2,43.0428715729,0.182611924943,0.0890657908328,0.543352442002,0.039643434052
167,PL,2004,9914.0842428,7.4375,20.2797619048,33.6666666667,36.6491266716,0.305091080044,0.0927869429189,0.841319130277,0.0360164303674
168,PL,2007,8890.51474222,4.83333333333,29.4511904762,35.7833333333,40.4757583375,0.221092992337,0.150263177149,0.997165255055,0.0443565469269
169,PL,2010,12427.8874717,12.0,57.9099206349,87.6194444444,75.0313049715,0.392680260371,0.211364611957,1.74669240945,0.0588213285853
170,PT,1998,772.902813853,0.0,1.33333333333,4.0,2.0101010101,0.0,0.0782511029035,1.28217809482,0.0253386011467
171,PT,2001,1200.6254329,0.0,0.171428571429,9.63333333333,11.89,0.0,0.00647667771046,1.98784400005,0.0964859234559
172,PT,2004,1350.96723424,0.0,2.10476190476,1.0,9.4627960928,0.0,0.07066994899,0.183386952738,0.0682439738496
173,PT,2007,2017.75605305,3.16666666667,4.83333333333,10.5,14.6611111111,0.638247067802,0.108656248879,1.28924035271,0.0707926008644
174,PT,2010,2353.28343748,3.66666666667,7.95625,17.4333333333,40.947706229,0.633654215919,0.153359541673,1.83535232354,0.169529383462
175,RO,1998,3158.0981203,3.33333333333,7.16666666667,5.0,8.66666666667,0.42924798252,0.10293621741,0.39224519774,0.0267372117815
176,RO,2001,1719.27463925,6.66666666667,4.0,8.75,7.74166666667,1.57695253078,0.105533745873,1.26088664862,0.0438711332437
177,RO,2004,1553.37070707,10.6666666667,4.4,1.5,17.0125,2.7926000985,0.12848551942,0.23923757852,0.10670448377
178,RO,2007,1616.67186014,5.16666666667,5.59015151515,19.4166666667,21.3520238095,1.29970174174,0.15684775947,2.97554173452,0.128678742452
179,RO,2010,2687.78370669,10.3166666667,7.03822751323,28.3,54.5787903763,1.56099034986,0.118780624343,2.60858725844,0.197842335998
180,RU,1998,6785.99640383,8.625,25.329427736,15.0931818182,81.8711855445,0.516892957526,0.169312246438,0.551036578272,0.117545794592
181,RU,2001,9062.04769269,9.51666666667,23.491047101,17.1666666667,115.862376281,0.427084343482,0.117585197063,0.469324126878,0.124567781492
182,RU,2004,51465.3361399,53.45,160.357517895,135.333333333,335.712243879,0.422365106921,0.141335458102,0.651483191502,0.0635538711496
183,RU,2007,65904.4652527,71.9262626263,256.719856602,166.980555556,529.816454078,0.443841380731,0.176693771245,0.627717608041,0.0783249710691
184,RU,2010,71130.8116759,103.016666667,216.500467172,223.130555556,582.035368968,0.588985855404,0.138063122871,0.777167323873,0.0797225633025
185,SA,1998,124.691269841,1.0,0.0,0.0,0.122685185185,3.26151281112,0.0,0.0,0.00958618303483
186,SA,2001,299.694083694,0.0,0.0,0.666666666667,0.930158730159,0.0,0.0,0.551117017465,0.0302390775633
187,SA,2004,372.338492063,0.0,1.04395604396,0.0,0.802777777778,0.0,0.127180607926,0.0,0.0210061783455
188,SA,2007,591.057539683,0.0,2.8625,0.0,2.95972222222,0.0,0.219680927174,0.0,0.0487877549256
189,SA,2010,1043.74454786,0.0,2.19305555556,0.2,5.83142857143,0.0,0.0953085874195,0.0474732567167,0.0544340167284
190,SE,1998,51964.0545188,11.5879370629,57.4126373626,28.2666666667,574.600327992,0.0906897562328,0.0501165407933,0.134767390075,0.10773392482
191,SE,2001,57767.9929213,8.68892675951,136.991831339,69.0543650794,572.593502701,0.0611693681186,0.107568227366,0.296153662429,0.0965714559175
192,SE,2004,49367.0412909,4.88270757021,85.0304368745,57.5838095238,276.265812233,0.0402233975916,0.078129299437,0.288985826698,0.0545229928602
193,SE,2007,47545.7773627,18.5384920635,101.400106838,27.9694444444,258.497948978,0.158568745189,0.0967393309231,0.145742138505,0.0529705876695
194,SE,2010,40123.6565007,40.1676587302,95.6975468975,134.757539683,311.772655506,0.407128168328,0.108187459013,0.832081410584,0.0757054526137
195,SI,1998,1119.40555556,1.33333333333,1.75,1.66666666667,7.15,0.484402543836,0.0709132206231,0.368871024308,0.0622312072032
196,SI,2001,1540.28755221,0.0,4.75,4.0,8.57936507937,0.0,0.139884122589,0.643385746979,0.054267896133
197,SI,2004,2137.03298091,0.0,6.87619047619,0.5,3.76666666667,0.0,0.145953089676,0.0579658261125,0.0171725822845
198,SI,2007,2199.2385496,0.0,1.63333333333,1.0,2.14761904762,0.0,0.0336883007072,0.112652519837,0.0095142497964
199,SI,2010,2194.307241,0.866666666667,5.83333333333,3.33333333333,12.2178571429,0.160623762054,0.120585746676,0.37635228666,0.0542484393367
200,SK,1998,977.795122275,0.0,0.0,2.5,0.75,0.0,0.0,0.633439865602,0.00747313863366
201,SK,2001,1092.22970085,0.0,6.83333333333,2.0,2.54583333333,0.0,0.28378879467,0.453658720583,0.0227093983502
202,SK,2004,1045.43387446,0.0,9.06,5.0,7.46,0.0,0.393104711237,1.18491360568,0.0695235438252
203,SK,2007,1140.16515152,3.0,2.57142857143,2.5,5.69646825397,1.07006122792,0.102301810876,0.54323218879,0.0486774209843
204,SK,2010,1691.52218615,6.41666666667,0.520833333333,6.54166666667,9.76626984127,1.54271931598,0.0139668250152,0.95812894936,0.0562523490846
205,TR,1998,686.006071706,0.0,1.7525210084,2.0,0.597222222222,0.0,0.115880908768,0.722296126971,0.00848198776234
206,TR,2001,1572.6940101,3.0,1.08024691358,4.0,2.7685515873,0.775768531089,0.0311569846714,0.630128334554,0.0171513389444
207,TR,2004,3480.77518176,1.0,2.39238095238,3.0,5.56984126984,0.116836667922,0.0311767601203,0.213529818559,0.015590372324
208,TR,2007,10503.1969962,7.92857142857,15.809214212,11.9761904762,27.5408369408,0.306993067598,0.0682755790608,0.28249478413,0.0255473151102
209,TR,2010,13965.4323747,8.86666666667,49.9178571429,40.25,32.6206878307,0.25820290984,0.162135519287,0.714043629081,0.0227577001005
210,TW,1998,30557.6942252,5.79325396825,97.4859168609,6.58333333333,5060.72475262,0.0771004873962,0.144709791895,0.0533750769891,1.61354758726
211,TW,2001,94087.5212555,25.4443223443,313.117959818,13.75,10675.4759578,0.109980071633,0.150956761624,0.0362062812811,1.10546465544
212,TW,2004,129963.130896,32.813373979,603.654754412,52.7785714286,11980.5346772,0.102679999895,0.210690560968,0.100612216274,0.898143388492
213,TW,2007,176923.114944,84.3831709957,1293.02308636,202.336111111,14305.596639,0.193966353364,0.331511288352,0.283336204319,0.787791046177
214,TW,2010,169939.66208,101.98015873,1545.27035151,366.692018806,12830.6121209,0.244048459034,0.412464277062,0.534588924863,0.735600926811
215,US,1998,696436.57139,207.987469984,3529.69838776,67.785883969,18049.0071432,0.121453697202,0.229896652166,0.0241140937575,0.252500004384
216,US,2001,863418.566923,278.238163445,5326.37993689,154.709798535,26646.1524356,0.131054051349,0.279825557479,0.0443925085652,0.300678771071
217,US,2004,961563.296137,378.020924473,6571.44396985,332.595461483,31920.5027315,0.159879616878,0.309998470447,0.0856942517801,0.323430883502
218,US,2007,1015649.54277,484.700561532,6068.27627266,625.474607699,33919.4961884,0.194081786888,0.271017969204,0.152573481432,0.325383223731
219,US,2010,842001.155546,554.835413763,5498.69941276,1528.26098441,30138.0287518,0.267982615947,0.296226502686,0.449674321985,0.348731997434
220,ZA,1998,2472.42896825,0.791666666667,9.46666666667,0.0833333333333,7.1,0.130218795053,0.173680028274,0.00835041732635,0.0279784832622
221,ZA,2001,3765.87537518,0.75,22.805952381,0.8,11.8454365079,0.0809935539892,0.274700144982,0.0526304754467,0.030646068464
222,ZA,2004,3752.82836608,0.157894736842,10.0786368394,0.944444444444,28.4690398887,0.0171105546488,0.121820313626,0.0623492112388,0.0739100949629
223,ZA,2007,3890.74448884,0.0526315789474,25.1458333333,9.39285714286,10.7400793651,0.00550134428254,0.29316352901,0.598106133738,0.0268945586447
224,ZA,2010,2837.77551976,0.883333333333,25.6617913832,3.36111111111,49.7818181818,0.126590675649,0.410190456019,0.293439167364,0.170915857539
0,AR,1999,936.545562771,0.0,5.0,0.0,1.83333333333,0.0,0.242168534127,0.0,0.0190722603339
1,AR,2002,2285.95742083,0.0833333333333,0.0,12.25,2.64047619048,0.0148253772619,0.0,1.32764266974,0.0112539183762
2,AR,2005,1134.57088745,0.0,0.133333333333,1.33333333333,4.3425,0.0,0.00533069359442,0.291152384368,0.0372904679706
3,AR,2008,1251.77101602,1.45,3.29754689755,7.0,5.24947089947,0.471083884182,0.119493067067,1.38543577712,0.0408582990691
4,AR,2011,1381.23691725,1.0,1.35,7.875,6.82135642136,0.294433322005,0.0443345403506,1.41252334757,0.0481162980953
5,AT,1999,21888.5898574,12.8445767196,39.601984127,9.0,189.727472204,0.238647643304,0.0820683649242,0.101868046026,0.0844504715382
6,AT,2002,25171.4275701,26.2928571429,72.1726874184,22.8666666667,312.016411008,0.424800551114,0.130059371014,0.225065156199,0.120770046139
7,AT,2005,26435.2508717,21.6769256752,69.8773351866,20.8333333333,487.124075546,0.333479689771,0.119902853156,0.19524889129,0.179533625179
8,AT,2008,28423.5800018,13.1120919821,113.15952381,43.0295995671,769.073896315,0.187606700948,0.180588027005,0.375060887881,0.263620352038
9,AT,2011,26199.8171301,71.8969291819,216.595489418,130.024603175,848.362104909,1.11600776906,0.374996977577,1.22953395569,0.315480588948
10,AU,1999,14427.7878945,3.45421245421,49.0882156586,7.47619047619,64.2294391393,0.0973653508554,0.154331336104,0.128378961637,0.0433734554485
11,AU,2002,21063.2289651,4.98791208791,105.971760812,7.31666666667,119.587184017,0.0963050316313,0.228213757195,0.0860600454657,0.0553158171905
12,AU,2005,25273.1300754,5.35211940837,90.0999464243,38.4730880231,202.8571707,0.0861235450507,0.161711951956,0.377147526348,0.0782025605775
13,AU,2008,23580.8895672,8.00277777778,56.7445256133,32.8988455988,204.156121413,0.138017993579,0.109154188286,0.345647742457,0.0843513162491
14,AU,2011,18802.7520371,11.1847883598,72.1536670737,34.6341269841,211.709533557,0.241914270696,0.174065863385,0.456347920845,0.109700507943
15,BE,1999,19998.347087,3.0,21.4124542125,13.9166666667,192.524714406,0.0610073680969,0.0485678596496,0.172406793022,0.0937955054642
16,BE,2002,20892.2427375,27.2916666667,27.8070887446,33.2523809524,335.238973826,0.531251454052,0.0603736008313,0.394321933173,0.156336030799
17,BE,2005,21843.2062685,0.378968253968,26.9091364654,24.7912698413,426.263901922,0.00705572394065,0.0558804626933,0.281187257277,0.190130509119
18,BE,2008,21369.6473332,6.20555555556,45.6437285069,24.7399206349,502.395101364,0.118096886907,0.0968858553329,0.286823147402,0.229053895986
19,BE,2011,16490.7459428,2.13888888889,69.5284390444,35.171031746,545.932658318,0.0527476432141,0.191248834657,0.528394219204,0.32254359045
20,BG,1999,1722.53131493,2.75,19.3517460317,2.2,4.41904761905,0.649263075143,0.509600269541,0.316423554577,0.0249948881405
21,BG,2002,1575.35964313,1.5,5.0497665733,10.4,15.0180952381,0.387227934708,0.145401272285,1.63556147977,0.0928805504074
22,BG,2005,1305.03807372,1.83333333333,1.62748917749,8.93571428571,14.1259986772,0.571312056499,0.0565680940521,1.6963651506,0.105459478904
23,BG,2008,1109.60671828,0.0,7.36666666667,9.34285714286,17.4891941392,0.0,0.301147013488,2.08604599921,0.153564334878
24,BG,2011,986.406835317,4.08333333333,4.43601190476,12.0,18.3220238095,1.68350301093,0.203992053163,3.01396651522,0.180970177387
25,BR,1999,18353.4454462,3.83333333333,23.3833333333,11.5,8.52916666667,0.0849403638308,0.0577916953054,0.155236372278,0.00452771036663
26,BR,2002,20177.4074898,7.86111111111,16.6166666667,34.5714285714,17.5033730159,0.158443236997,0.0373555523417,0.424487798329,0.00845173799345
27,BR,2005,23196.5131976,8.75,34.5261904762,36.5833333333,29.3126623377,0.153405341241,0.0675153576911,0.390727353492,0.0123118183358
28,BR,2008,24755.6294954,12.5333333333,53.9777777778,67.5952380952,29.1701777088,0.205895925559,0.0989048630664,0.676480649036,0.0114803397994
29,BR,2011,21581.4721049,20.1666666667,38.1674603175,68.9404761905,45.4345238095,0.380021520447,0.0802211376634,0.791418984136,0.0205113647361
30,CA,1999,43029.5059943,14.5615079365,457.362943388,18.95,198.001372088,0.13762430146,0.482137856985,0.109107876693,0.0448323476801
31,CA,2002,54755.0446085,40.1245421245,695.395170389,51.0177386339,372.600105909,0.298017034586,0.576081796425,0.23083960234,0.066299229133
32,CA,2005,60073.2811174,44.1717571318,900.677998297,116.29950605,459.272506879,0.29903254636,0.680087542918,0.479633785274,0.0744867005277
33,CA,2008,62207.9798179,38.3193843194,551.113695994,132.689108114,637.831190766,0.25051143869,0.401857173435,0.528448204901,0.0998962756154
34,CA,2011,55719.4000492,46.1681027306,416.826163063,137.496995766,632.734109938,0.336969607935,0.339332266787,0.611364233423,0.110638036005
35,CN,1999,157834.624819,91.5095238095,545.207215007,93.0,570.308823973,0.235786616081,0.156688070067,0.145980187235,0.0352044408521
36,CN,2002,283609.339672,317.316666667,1401.52196877,185.463888889,3186.17153636,0.455016862289,0.224158906922,0.162013827959,0.109455670777
37,CN,2005,487233.55098,519.231715969,3216.34227101,504.236507937,7278.62265395,0.433390275868,0.299434399601,0.256395471452,0.145546464556
38,CN,2008,743974.567929,828.858964646,4788.29906787,1462.70730159,9225.52322112,0.4530829147,0.29194416335,0.487093786377,0.120815472978
39,CN,2011,133643.880805,105.786259019,1209.03984597,405.634507576,3386.01413569,0.321910629505,0.410362960998,0.751967490417,0.246847839478
40,CY,1999,185.078899287,0.0,0.0,0.0,1.0,0.0,0.0,0.0,0.0526420428061
41,CY,2002,365.264033189,0.0,0.766666666667,0.0,0.233333333333,0.0,0.0952086243712,0.0,0.00622385572942
42,CY,2005,435.5,0.75,0.0,1.5,7.85509259259,0.70037113781,0.0,0.853328694613,0.175732784821
43,CY,2008,492.912301587,0.0,1.25,9.16666666667,6.58174603175,0.0,0.115031550922,4.60739060295,0.130095149726
44,CY,2011,353.542135642,0.0,0.241666666667,6.875,5.0875,0.0,0.0310064603019,4.8177556735,0.140201572002
45,CZ,1999,6403.02877678,2.0,1.7,14.0833333333,30.3108724609,0.127028063811,0.0120431497586,0.544920636161,0.0461214152708
46,CZ,2002,6094.08095516,2.0,5.31600129038,6.75,7.08145604396,0.133467926342,0.0395688544872,0.274415604514,0.0113215004071
47,CZ,2005,6656.398557,9.64444444444,12.0093864469,12.25,11.2950841751,0.589241103926,0.0818385868365,0.455942442017,0.0165325481401
48,CZ,2008,7150.71386664,4.47261904762,16.8548280423,20.1547619048,40.1347342472,0.254371028093,0.106918176947,0.698299163591,0.0546840451685
49,CZ,2011,8568.9592733,9.26746031746,28.256031746,11.6761904762,47.1067460317,0.439832981971,0.149575240671,0.337587488347,0.053560505721
50,DE,1999,425490.196979,424.619120596,1653.80646758,387.871536797,5827.95901134,0.405849601991,0.176307889416,0.225845583556,0.133449383548
51,DE,2002,475941.114392,439.223742459,2979.83593167,998.051255411,8713.8129928,0.375307913234,0.283998305453,0.519532681347,0.178379381651
52,DE,2005,479993.858856,433.843466901,2571.5451291,1162.17180736,9540.6273154,0.367580545145,0.243016123322,0.599857240002,0.193655971108
53,DE,2008,463281.101646,543.353218922,3116.75610849,1317.06449759,10052.8528255,0.476971902259,0.305165092644,0.704329224164,0.211414310858
54,DE,2011,382050.79874,1216.61821452,4273.04663786,2133.96973184,9673.30235649,1.29505537501,0.507333032417,1.3838225176,0.246685312501
55,DK,1999,18097.3962607,2.41666666667,63.3968142968,89.6687229437,24.9138657639,0.0543069975222,0.158901485926,1.22754702708,0.0134126522967
56,DK,2002,19897.211469,0.5,69.3404401154,169.595634921,44.7897593148,0.0102195771165,0.158077841586,2.11171694333,0.0219318948469
57,DK,2005,20517.4325398,1.66666666667,89.4719516595,303.129401154,54.7952290765,0.0330354990594,0.197806480502,3.66031361642,0.0260201247671
58,DK,2008,19468.574076,1.96428571429,219.018441558,571.435237818,81.4683139083,0.0410322801027,0.510297169761,7.27187029467,0.040770329948
59,DK,2011,15936.8354764,5.06944444444,116.082056832,1088.13744468,68.1716666667,0.129363993924,0.330399685016,16.915892486,0.0416765215758
60,EE,1999,230.786507937,0.333333333333,0.0,0.0,2.87777777778,0.58738583068,0.0,0.0,0.121488866693
61,EE,2002,353.108596959,1.83333333333,0.819834710744,1.0,0.0,2.11148635895,0.105316066431,0.701624844226,0.0
62,EE,2005,405.180067155,0.5,1.0,1.0,7.21909090909,0.501853628779,0.111951146892,0.611455953585,0.173589751217
63,EE,2008,681.997977853,1.0,9.33333333333,2.66666666667,11.4929951691,0.596309941126,0.620769411489,0.968721403411,0.164187382434
64,EE,2011,878.565610235,0.0,1.7297979798,7.83333333333,2.81666666667,0.0,0.089309530259,2.20894884194,0.0312356750797
65,ES,1999,23319.1937757,19.2261904762,41.3333333333,32.325,29.9610770571,0.335300997806,0.0804013828392,0.343430017744,0.0125179592147
66,ES,2002,27263.8171,14.0952380952,46.0983044733,108.845238095,48.5609318261,0.210252366751,0.0766963880319,0.989090485324,0.0173536164358
67,ES,2005,30155.3760084,10.9535714286,35.025,121.07975469,81.2740762942,0.147722324558,0.0526853676587,0.994763941326,0.0262589246023
68,ES,2008,32107.2108751,13.6555555556,62.1478643579,328.460222038,170.870717646,0.172966472934,0.0878011588366,2.53450674742,0.0518507096834
69,ES,2011,30303.1733871,51.0660714286,51.7353090428,406.294246032,215.296057976,0.68532957529,0.0774418209158,3.32174133777,0.0692209585966
70,FI,1999,27713.3855928,2.0,17.2642857143,22.7333333333,105.311958874,0.0293491513449,0.0282576244856,0.203229517268,0.0370235235615
71,FI,2002,33232.3305032,1.64285714286,38.9315323565,11.4283882784,118.856765992,0.0201045398968,0.0531394822699,0.0851995770337,0.0348459856012
72,FI,2005,30276.272884,4.87896825397,39.606995782,24.3468253968,242.742212761,0.0655361187987,0.0593398043913,0.199229286825,0.0781146583337
73,FI,2008,26154.4964721,3.60952380952,50.318452381,27.6045177045,211.338781144,0.0561253011162,0.0872685039867,0.261485162339,0.0787267778639
74,FI,2011,19761.078956,16.3172619048,108.066755652,36.9060846561,222.305904281,0.335808563909,0.248060765281,0.462701140786,0.109604903985
75,FR,1999,146482.074549,99.1516414141,491.264943001,52.3162698413,1556.62310388,0.275277403138,0.152127563943,0.088484161383,0.103535344295
76,FR,2002,158192.120335,140.559036715,459.998664313,77.3714285714,1978.83980267,0.36135083409,0.131901077297,0.121173881191,0.121875225435
77,FR,2005,160568.257572,154.999599871,927.869767582,84.7583333333,2541.66739956,0.392578054973,0.262122287367,0.13077838314,0.154222829184
78,FR,2008,156149.871578,213.584080299,943.341381444,137.291901154,2689.94437179,0.556265831246,0.274033636402,0.217829421264,0.167838391762
79,FR,2011,134175.193489,278.82998557,1033.5462056,204.354563492,3392.49025913,0.845127789763,0.349409159792,0.377333496825,0.246340614854
80,GB,1999,102372.506155,37.8468253968,369.197854298,23.3928571429,706.606948618,0.150349247178,0.163588380225,0.0566126107677,0.0672487491264
81,GB,2002,114826.717385,15.0791486291,486.211053299,51.5869047619,1201.26606735,0.0534058717914,0.192069540448,0.11130374349,0.101926216131
82,GB,2005,111367.348449,19.7048761424,509.917546737,137.933484848,1356.25424949,0.07195665498,0.207691487239,0.306849259151,0.118651402001
83,GB,2008,102596.305621,30.5490226398,613.846312117,214.716551042,1393.24674442,0.121093472774,0.271396690615,0.518497957578,0.132307954821
84,GB,2011,84021.8013817,68.3676056786,426.7290279,369.639563492,1411.83579825,0.330912763745,0.230375779254,1.08993277029,0.163712501015
85,GR,1999,875.931637807,0.0,6.1,1.0,4.16944444444,0.0,0.315890264348,0.282841438353,0.0463764627166
86,GR,2002,937.79201304,0.0,2.35714285714,1.0,11.8131746032,0.0,0.114013425404,0.264184127068,0.122729717732
87,GR,2005,1113.91195635,0.0714285714286,1.76120944687,4.25,10.4115840949,0.0260781173505,0.0717194185465,0.945260074124,0.0910658588287
88,GR,2008,1574.68798296,0.0,10.6540556666,12.9166666667,16.5838293651,0.0,0.306900126582,2.03221283029,0.102607699167
89,GR,2011,2598.52234401,3.65396825397,11.5393055556,36.8166666667,29.4640079365,0.57186491267,0.201432636459,3.51019513506,0.110472710366
90,HR,1999,917.431349206,0.0,0.0,2.0,1.0,0.0,0.0,0.540094394094,0.0106197933472
91,HR,2002,1235.32792365,1.0,0.133333333333,12.5,3.71203703704,0.329209893371,0.00489590629852,2.50692305656,0.029276535636
92,HR,2005,1519.38867021,0.0,2.0,5.5,5.36904761905,0.0,0.0597087158872,0.896823657149,0.0344284930727
93,HR,2008,1098.81056727,0.5,0.333333333333,6.66666666667,6.76666666667,0.185055634763,0.0137604468465,1.50313907126,0.0599986664575
94,HR,2011,813.426304251,0.797619047619,2.25,11.3333333333,1.51851851852,0.398779147701,0.125470296697,3.45185623799,0.0181882754286
95,HU,1999,3798.59033536,0.666666666667,7.83333333333,4.0,2.04166666667,0.0713742271242,0.0935407327863,0.260886005032,0.00523663159062
96,HU,2002,5363.24223583,2.83333333333,9.70833333333,7.0,9.83333333333,0.214845071146,0.0821095904195,0.323358199032,0.017863353413
97,HU,2005,4627.88500013,6.30833333333,9.5,9.33333333333,11.5557539683,0.554354033081,0.093114575133,0.499651813677,0.0243279419167
98,HU,2008,4276.74938368,3.58333333333,12.8546626984,25.8333333333,16.3734293484,0.340744256796,0.136340067012,1.49651094118,0.0373005719088
99,HU,2011,3757.32127013,3.625,4.54722222222,32.1666666667,17.3037698413,0.392360081781,0.0548964760441,2.12100150964,0.0448695837658
100,ID,1999,352.652923977,0.0,2.33333333333,0.0,1.225,0.0,0.300127586193,0.0,0.0338437315517
101,ID,2002,245.439332889,0.0,0.85,0.0,6.57142857143,0.0,0.157091028482,0.0,0.260858667661
102,ID,2005,145.796103896,0.0,0.198958333333,0.0,16.0730925325,0.0,0.0619003115532,0.0,1.07409617103
103,ID,2008,267.312590188,0.0,0.20101010101,1.0,33.4558561809,0.0,0.0341094790769,0.926816668688,1.21938929035
104,ID,2011,256.149874642,0.0,0.323055555556,0.0357142857143,35.4391564454,0.0,0.0572083847003,0.0345430810048,1.3479657893
105,IE,1999,4342.07257049,1.03703703704,3.0912037037,1.5,21.1252802687,0.0971297623237,0.032292908838,0.0855869266281,0.047401822938
106,IE,2002,5869.1330457,1.03703703704,1.53240740741,3.83333333333,59.6477464561,0.0718580535625,0.0118434139042,0.161813920823,0.0990169917276
107,IE,2005,6001.30451418,0.0833333333333,8.00954442383,1.53571428571,110.260113341,0.00564713573331,0.0605394916215,0.0633983580527,0.179003866767
108,IE,2008,7238.55058423,0.0,20.0265873016,7.05555555556,97.2205804843,0.0,0.125496598203,0.241486497305,0.130856782632
109,IE,2011,6117.02138686,3.25,17.6416666667,34.0,101.91422619,0.216072003346,0.13082062879,1.37705779573,0.162324642244
110,IL,1999,12369.6856027,0.333333333333,81.6216460547,2.83333333333,152.359356463,0.0109591083418,0.299311433326,0.0567482220781,0.120005212462
111,IL,2002,18697.0247653,1.0,110.620151121,2.28571428571,208.646636991,0.0217511705273,0.268372717212,0.0302874485505,0.10872477754
112,IL,2005,21281.2424898,1.95555555556,84.2552894021,13.3333333333,243.668304101,0.0373704488887,0.179587793077,0.155222618826,0.111555683717
113,IL,2008,25190.0610373,3.3,78.3007026835,12.8035714286,355.232751159,0.0532770116073,0.140998034564,0.125925927666,0.137395788708
114,IL,2011,21286.6242646,14.8635281385,80.9185185185,39.1845238095,352.210401795,0.283968555177,0.172431953252,0.456058998306,0.161207419215
115,IN,1999,2507.95779391,0.306666666667,2.6309042809,1.0,47.4215272183,0.0497280564302,0.0475840543917,0.0987854600018,0.184223468509
116,IN,2002,7091.79470327,0.125,20.2274603175,1.2,108.833524602,0.00716818152241,0.12937841373,0.0419216474309,0.149518930245
117,IN,2005,11475.1886007,0.468055555556,16.1330527806,2.49166666667,139.964032747,0.0165879496643,0.0637724852029,0.0537951794042,0.118835516209
118,IN,2008,16290.3589416,4.35714285714,40.9692112671,15.1976190476,335.503127945,0.108774296258,0.11407843867,0.231130974524,0.20065757613
119,IN,2011,19004.1880806,19.2112301587,66.171010917,70.4951322751,346.353701892,0.411112793319,0.157941067439,0.919015973421,0.177566140797
120,IT,1999,56490.5782322,43.6666666667,174.748305861,14.75,688.87931878,0.314361358797,0.140318060476,0.0646888231332,0.118811032098
121,IT,2002,66561.3881076,19.8166666667,205.822789017,17.51875,593.04515229,0.121077479166,0.140264480528,0.0652069661911,0.0868070568212
122,IT,2005,61435.6923899,14.106006771,311.441202713,47.3916666667,522.644901999,0.0933766883262,0.229949214216,0.191114868107,0.0828849353959
123,IT,2008,56307.6774349,30.4050925926,188.368207834,97.3178571429,554.442296683,0.219600767074,0.15174577604,0.42819162983,0.0959352875838
124,IT,2011,39732.9801512,30.2779220779,112.168772894,130.235452742,581.592970319,0.309906056093,0.128055267495,0.812066011715,0.142612518753
125,JP,1999,324701.848162,284.338877313,3866.07404319,9.59285714286,19204.5643748,0.356128409613,0.540084888558,0.0073194165968,0.576247881412
126,JP,2002,408988.230324,419.054503191,6369.02960757,91.5928751804,26653.7668582,0.416691688795,0.706381109778,0.0554835360979,0.634946927968
127,JP,2005,503220.203155,584.259936958,8929.57730516,214.012955563,36416.1740666,0.472175202558,0.80491394559,0.105364726959,0.705059696188
128,JP,2008,513167.168862,985.516938661,10669.8186028,326.574512987,40334.0160676,0.78101678258,0.943137019154,0.157665500718,0.765776871572
129,JP,2011,439319.07898,1226.474797,10842.9936411,696.360736486,38031.5463496,1.1353602898,1.11955583509,0.392705932003,0.843438772684
130,KR,1999,177774.949433,82.0087301587,1068.07572519,30.5666666667,19064.9287884,0.18760510846,0.272526099273,0.0425981528183,1.04485076642
131,KR,2002,224619.593945,148.630068543,1572.21567951,135.833333333,18291.144027,0.269100296809,0.317498080848,0.149820751303,0.7933829691
132,KR,2005,318559.295876,196.121155364,4253.17504121,139.308333333,32782.9248071,0.250374039834,0.605619141302,0.10834280211,1.00264468692
133,KR,2008,451345.126819,408.858266595,6724.18413171,551.353968254,44215.1324222,0.368399610066,0.675783305641,0.302646040876,0.954446993502
134,KR,2011,442987.400183,1019.70429759,7399.71389615,1477.4672619,34593.7178558,0.93613398582,0.757705036038,0.826303786066,0.760843802065
135,LT,1999,372.691525142,0.0,0.0,0.5,0.9,0.0,0.0,0.33237912271,0.0235278712108
136,LT,2002,297.876984127,0.0,1.0,1.6,1.12142857143,0.0,0.152278878977,1.33074941691,0.0366795763184
137,LT,2005,371.565295815,0.0,0.0,1.0,2.66561771562,0.0,0.0,0.666773154345,0.069896006627
138,LT,2008,344.028203083,0.0,0.166666666667,4.0,6.41666666667,0.0,0.0219751233617,2.88057504723,0.181720981585
139,LT,2011,421.298665224,0.166666666667,0.333333333333,7.66666666667,7.47175736961,0.160884351013,0.0358893242571,4.50847585501,0.172791477973
140,LU,1999,1986.58714341,0.5,22.6027777778,0.0,5.39781746032,0.102356993342,0.516096381232,0.0,0.0264728205201
141,LU,2002,2387.80873571,0.0,18.2860956504,1.19791666667,9.34444444444,0.0,0.347374607924,0.124291182716,0.0381279619509
142,LU,2005,2207.63318334,0.0,14.5341269841,2.20833333333,5.61984126984,0.0,0.298633590645,0.247828338076,0.0248020042642
143,LU,2008,2414.72980353,0.283333333333,17.0222222222,7.4375,26.1472222222,0.0477182232995,0.319760145353,0.763082838318,0.105498590541
144,LU,2011,2401.76649761,1.52222222222,10.9114285714,24.8798611111,18.2498488284,0.257752218334,0.20607601647,2.56643588506,0.0740317696393
145,LV,1999,468.40952381,0.0,4.5,3.0,0.0,0.0,0.435776108503,1.5867510271,0.0
146,LV,2002,463.818082159,0.5,2.0,22.0,0.0,0.43840698505,0.195595536098,11.7513633579,0.0
147,LV,2005,367.702402508,1.5,0.0,10.0,0.0,1.6590135307,0.0,6.73777931953,0.0
148,LV,2008,330.306583694,0.0,0.0,9.0,1.025,0.0,0.0,6.75054022262,0.0302340465351
149,LV,2011,252.310968125,0.0,0.0,7.0,2.41666666667,0.0,0.0,6.87345605004,0.0933190402976
150,MT,1999,66.9833333333,0.0,0.0,0.0,0.0666666666667,0.0,0.0,0.0,0.00969687120057
151,MT,2002,134.183333333,0.0,0.0833333333333,0.0,0.429166666667,0.0,0.0281706453956,0.0,0.0311614062816
152,MT,2005,145.4,0.0,6.08333333333,0.0,0.0,0.0,1.89781478952,0.0,0.0
153,MT,2008,331.603968254,0.0,7.47428571429,0.2,6.97619047619,0.0,1.02241354742,0.149425090201,0.204969033313
154,MT,2011,279.792482517,0.0,0.8,0.5,2.60714285714,0.0,0.129697189311,0.442738421896,0.090785905393
155,MX,1999,1115.05800866,0.05,3.3125,0.0,3.17333333333,0.0182359200537,0.134751945738,0.0,0.027727318706
156,MX,2002,2143.15128176,0.0,4.69444444444,2.0,5.82857142857,0.0,0.0993591790994,0.231201377565,0.0264971361168
157,MX,2005,2875.47804916,1.5,13.1428571429,0.0,3.3739729225,0.21214672851,0.207327232179,0.0,0.0114319726879
158,MX,2008,3753.04893024,0.392857142857,9.28253968254,8.8,11.7872685185,0.0425701875747,0.112191306913,0.5809138028,0.0305998003177
159,MX,2011,4618.67475105,4.0,5.80555555556,17.7095959596,27.8567927443,0.352206809046,0.0570168242884,0.949958259017,0.0587629208929
160,NL,1999,50665.5577433,10.1858974359,145.499380203,39.2,802.914361806,0.0817601364339,0.130264157401,0.191684276154,0.154399553591
161,NL,2002,65366.4163399,18.7474747475,233.555020315,73.8,1890.93392559,0.116638852405,0.162073178876,0.279714471617,0.281845639317
162,NL,2005,72613.2728515,8.29920634921,177.480217698,66.369047619,2367.79016682,0.0464810240361,0.110869109697,0.226445045941,0.317699727805
163,NL,2008,63868.6317847,5.94388232375,158.668987236,100.256702742,2117.25355478,0.0378475460959,0.11268887837,0.388900995423,0.322979456967
164,NL,2011,43629.4930376,25.875,87.4504695767,146.511507937,1538.21228904,0.24118779569,0.0909198265148,0.831964550505,0.343499217459
165,PL,1999,11202.7149304,6.625,22.2055555556,18.5,41.9441224273,0.240501469477,0.0899114450136,0.409130346411,0.0364785418011
166,PL,2002,10322.2419908,5.125,21.7708333333,27.8666666667,44.5232435865,0.201917969345,0.0956704101788,0.66884307747,0.0420244851487
167,PL,2005,9658.13772732,5.8125,16.8797619048,34.5833333333,35.0598933559,0.244751131454,0.079277426085,0.887128857052,0.035367701658
168,PL,2008,9685.50549212,5.66666666667,40.1825396825,44.675,49.6380632595,0.237936194588,0.188187905964,1.14276128703,0.0499323698201
169,PL,2011,13935.3853877,16.7763888889,62.7466269841,122.861111111,77.9724494024,0.489592366178,0.2042433947,2.18428198984,0.0545144751801
170,PT,1999,908.911940837,0.0,1.33333333333,6.63333333333,1.9476010101,0.0,0.06654164711,1.80810339952,0.0208769871581
171,PT,2002,1253.02396492,0.0,0.171428571429,7.0,12.4160897436,0.0,0.00620583819428,1.38405042433,0.0965417368336
172,PT,2005,1458.54925777,0.833333333333,4.10476190476,0.833333333333,10.5408730159,0.232355410611,0.127656663613,0.141550335614,0.0704117474932
173,PT,2008,2312.0356985,5.33333333333,4.33333333333,16.7666666667,17.6938492063,0.938122017836,0.0850166878465,1.7966581217,0.074561979319
174,PT,2011,2098.71668405,2.33333333333,8.28958333333,20.1333333333,47.7624428812,0.452145389576,0.179165962068,2.3767041195,0.221728928493
175,RO,1999,2527.6981203,5.0,6.5,6.5,6.96666666667,0.804451628847,0.116644635503,0.637090899127,0.0268527932384
176,RO,2002,1745.62344877,5.91666666667,3.0,4.25,9.95376984127,1.37842033725,0.0779555978945,0.603186500026,0.0555554499417
177,RO,2005,1434.33493059,9.41666666667,6.4,7.0,18.9932539683,2.66994158085,0.202397907484,1.20909580696,0.129014475885
178,RO,2008,1728.43605908,8.75,4.60800865801,23.4666666667,32.3734870685,2.05877967195,0.120930705774,3.36365415769,0.182484425761
179,RO,2011,3388.16356345,7.65,9.60330687831,44.25,50.3484646835,0.918231535462,0.128568050494,3.23565461542,0.144780978024
180,RU,1999,5740.50270938,2.125,17.5040309106,12.2848484848,81.8430442413,0.150544240382,0.138313561562,0.530191948529,0.138906155256
181,RU,2002,18689.8245751,21.7833333333,58.2123226269,45.8333333333,144.331679536,0.473995532802,0.141281833305,0.607560412697,0.0752395314404
182,RU,2005,60385.1289085,65.9409090909,199.964671301,144.166666667,426.573871733,0.444099279919,0.150210362786,0.591490957085,0.0688262162943
183,RU,2008,69990.961854,84.4686868687,244.488649892,210.327777778,590.386485597,0.490804931131,0.158450407201,0.744505518962,0.0821833968294
184,RU,2011,69118.9586391,97.7,214.954811207,209.7,576.351434558,0.574847323863,0.14106738083,0.751647979139,0.0812418555554
185,SA,1999,170.572222222,0.0,0.0,0.0,0.19212962963,0.0,0.0,0.0,0.0109742709876
186,SA,2002,322.07979798,0.0,1.04395604396,0.666666666667,1.56071428571,0.0,0.147026407964,0.512812385606,0.0472116917004
187,SA,2005,458.603571429,0.0,0.0,0.0,0.463888888889,0.0,0.0,0.0,0.00985521673803
188,SA,2008,677.105808545,0.0,3.69583333333,0.2,3.86527777778,0.0,0.24758963404,0.0731790397334,0.0556178008207
189,SA,2011,1304.97627123,0.0,2.79305555556,0.0,11.9883730159,0.0,0.0970853227037,0.0,0.089504995403
190,SE,1999,56378.500445,15.3023310023,75.7828754579,35.7111111111,655.068224262,0.110382241289,0.060972524757,0.156928958595,0.113204229996
191,SE,2002,55439.6493777,3.61392675951,137.957702387,85.133015873,469.983766781,0.0265102612988,0.112876126356,0.380444047834,0.0825946704476
192,SE,2005,48468.0389106,6.91604090354,82.1125969619,33.4773809524,234.944755249,0.05803062417,0.0768477150642,0.17112335114,0.0472280428556
193,SE,2008,46744.0381186,21.3833333333,113.410517261,66.1325396825,300.482245151,0.186039136494,0.110053465567,0.350511461584,0.0626299738077
194,SE,2011,35503.868322,64.3781746032,83.9775974026,105.947222222,275.15005398,0.737425448115,0.107291271064,0.739310970274,0.0755063662212
195,SI,1999,1167.18095238,1.33333333333,1.75,1.33333333333,10.25,0.464574835281,0.06801057965,0.283017828933,0.0855608944086
196,SI,2002,1686.31721422,0.0,6.32142857143,4.0,4.74603174603,0.0,0.170040581238,0.587670604907,0.0274208559596
197,SI,2005,2314.74314574,0.0,4.70476190476,1.5,3.35,0.0,0.0921958690253,0.160546817986,0.0141004067967
198,SI,2008,2099.95586562,0.0,2.23333333333,1.0,5.14761904762,0.0,0.0482414107715,0.117978557736,0.0238828347587
199,SI,2011,2230.55969296,0.956666666667,6.47764550265,3.83333333333,16.9048941799,0.174422267667,0.131728560543,0.425770909853,0.0738394151941
200,SK,1999,991.068931799,0.0,0.333333333333,0.5,0.0,0.0,0.0152563801772,0.124991186983,0.0
201,SK,2002,1105.62526363,0.0,8.86,2.0,7.7225,0.0,0.363498302648,0.448162270684,0.0680517981445
202,SK,2005,1031.94505772,0.0,7.7,5.0,2.89111111111,0.0,0.338462664412,1.20040191327,0.0272959270822
203,SK,2008,1364.11666667,4.66666666667,2.09226190476,2.625,8.03154761905,1.39126673826,0.0695730674542,0.476750374271,0.0573637276844
204,SK,2011,1804.08733982,4.75,2.52777777778,10.5833333333,13.6817460317,1.07075765345,0.0635562042236,1.45337660841,0.0738879483489
205,TR,1999,966.85459263,3.0,1.3025210084,4.0,0.825,1.26187177613,0.0611082985106,1.02497217772,0.00831347176273
206,TR,2002,2097.23954512,0.0,2.12024691358,2.0,3.11577380952,0.0,0.0458579905828,0.236262724411,0.0144746318388
207,TR,2005,5096.51734721,2.28571428571,5.06873802152,3.0,11.2484126984,0.182391070525,0.0451131297563,0.145834742114,0.0215034120605
208,TR,2008,12508.3600625,7.64285714286,25.2595238095,25.0595238095,30.4653739779,0.248490908725,0.0916012508058,0.496347329878,0.0237298930789
209,TR,2011,14208.1606622,13.9095238095,53.4078571429,45.2333333333,47.1388095238,0.398134249531,0.170507667407,0.788740213452,0.032324394093
210,TW,1999,53852.6231324,17.0071428571,176.630361305,8.83333333333,8112.2431058,0.128433889173,0.148776765997,0.0406378765665,1.46765418258
211,TW,2002,102347.012549,20.5724358974,409.614948015,18.85,10677.4366147,0.0817458443319,0.181542054369,0.0456298913022,1.01643935881
212,TW,2005,147438.826414,56.027955231,795.353274183,72.4869047619,12596.8510613,0.154542539394,0.244694848928,0.121803828808,0.832414757765
213,TW,2008,186832.882196,90.1936507937,1301.83388181,288.360353535,14483.4077426,0.196325986928,0.316066797504,0.382380279063,0.755278436694
214,TW,2011,169332.399403,134.71984127,1587.45459326,408.122141461,13915.8446672,0.323553898278,0.425243680875,0.597122374241,0.800680316299
215,US,1999,748950.456902,227.462820052,4125.48220686,69.233960892,20817.7625953,0.123512941765,0.2498608698,0.0229023126123,0.270813682966
216,US,2002,916681.242434,344.384067746,5706.9512444,243.710622711,29483.6063469,0.152784692089,0.282398533305,0.0658672246663,0.31336601968
217,US,2005,984319.576165,391.525751314,6576.29424338,386.875645134,32650.8088947,0.161763057025,0.303055195163,0.0973752348629,0.323182223456
218,US,2008,983351.557082,495.568849286,5920.79369732,852.545325924,33351.0293752,0.204951134265,0.273116374211,0.214793887356,0.330438068603
219,US,2011,810733.515707,626.914095773,5350.56183732,1650.22146374,29437.9991182,0.31447421681,0.299362832736,0.504286514402,0.353769023487
220,ZA,1999,3094.904329,0.791666666667,15.1416666667,0.0,9.29444444444,0.104028004382,0.221923386993,0.0,0.0292594291867
221,ZA,2002,3607.12580808,0.75,20.4642857143,0.8,8.61587301587,0.0845580794085,0.257342739618,0.0549467420917,0.0232716749244
222,ZA,2005,3917.47162005,0.210526315789,12.0786368394,2.27777777778,27.6291589363,0.0218552444275,0.139858441391,0.1440518177,0.0687149836867
223,ZA,2008,3675.33532579,0.0,21.2569444444,8.17063492063,30.2293650794,0.0,0.262349649205,0.55077229603,0.080134899887
224,ZA,2011,2597.4988156,1.16111111111,23.7173469388,5.25,38.9663419913,0.181791494229,0.414178325076,0.500745661538,0.146158447605
0,AR,2000,1441.44017697,0.0833333333333,0.0,11.25,2.39047619048,0.0235113338105,0.0,1.93361118506,0.0161576219138
1,AR,2003,1876.14047619,0.0,0.0,1.0,1.88333333333,0.0,0.0,0.132052885954,0.00978028435906
2,AR,2006,1168.98738484,0.0,3.43088023088,5.08333333333,4.43535714286,0.0,0.13312890263,1.07733808911,0.0369665067958
3,AR,2009,1165.50783059,1.45,0.0,3.625,8.08478835979,0.505950399349,0.0,0.77055929797,0.067583877011
4,AR,2012,1358.51550672,1.0,1.35,9.0,3.86699134199,0.299357771046,0.0450760433273,1.6413120557,0.0277330887623
5,AT,2000,23068.07775,16.0568783069,45.5468434343,10.5,225.050432219,0.283077170478,0.0895619409375,0.112769366989,0.0950513056453
6,AT,2003,26170.5014818,30.4477725367,80.0787744088,22.7,360.651151344,0.473149753662,0.138797611363,0.214895371964,0.134265650478
7,AT,2006,26992.1691614,13.1897086941,74.9932539683,30.8958333333,590.111911881,0.198725021852,0.126026254812,0.283579855384,0.213003253102
8,AT,2009,27939.1474802,18.3000407,139.724100529,81.6226551227,788.154826681,0.266375355291,0.226847914803,0.723787065637,0.274845120672
9,AT,2012,22997.3633394,79.5581471306,208.6375,96.423015873,829.162218962,1.40689520615,0.411519995886,1.03876166613,0.351278120401
10,AU,2000,17379.1228491,5.03113553114,84.157568528,7.50952380952,74.0063392,0.117731668817,0.219655430859,0.107052741973,0.0414887844295
11,AU,2003,21427.599012,4.69743381618,96.9173285779,19.0888888889,155.862673527,0.0891543002844,0.205165599418,0.220709176096,0.0708693179112
12,AU,2006,25831.8504162,8.56567460317,67.3102061645,33.8997113997,199.81986014,0.134853179833,0.118195794094,0.325127521839,0.0753655330958
13,AU,2009,21845.1089823,10.7986772487,62.5104166667,35.9900793651,231.268509881,0.201034911,0.12980003131,0.40817071173,0.103145890204
14,AU,2012,16235.9830793,4.34722222222,64.6875956451,27.0857142857,170.008776883,0.108890097733,0.18072533499,0.413309086268,0.102019313033
15,BE,2000,20911.4173261,17.0833333333,16.7384462759,15.9166666667,231.043969746,0.332234158556,0.0363084987637,0.188574038488,0.107646722284
16,BE,2003,20847.4054446,13.3611111111,27.6466033966,33.4880952381,376.707809743,0.26064278015,0.0601542600374,0.397971235573,0.176052522932
17,BE,2006,22294.0685556,0.22619047619,36.0952964165,15.1944444444,477.812175265,0.00412610351362,0.0734408846331,0.168852985311,0.208812994579
18,BE,2009,19595.8190864,6.53888888889,34.0050563458,32.976031746,548.530658809,0.135704944881,0.0787148544426,0.416915672562,0.272726366906
19,BE,2012,14075.4510463,3.72222222222,78.8899659118,34.5126984127,485.267926643,0.107546210814,0.254235426274,0.607477008746,0.335899153401
20,BG,2000,1495.61269009,3.0,9.08031746032,1.0,3.79523809524,0.815750314337,0.275396559316,0.165651017792,0.0247234758178
21,BG,2003,1589.62481013,1.5,4.19262371615,11.0666666667,19.865952381,0.383752981927,0.119637649907,1.72478690643,0.12175993278
22,BG,2006,1220.83599086,1.33333333333,4.13939393939,13.269047619,12.4083002646,0.44415703891,0.153799900547,2.69274779347,0.0990249455401
23,BG,2009,1015.37294737,1.5,4.7119047619,8.84285714286,19.5788766789,0.600787388132,0.210497787154,2.15764638881,0.187867572862
24,BG,2012,943.551039752,2.91666666667,5.72172619048,11.4841269841,15.8384920635,1.25711942537,0.275066874504,3.01540630454,0.163545302992
25,BR,2000,18999.5113054,7.19444444444,20.6666666667,10.0,12.9180555556,0.153996187614,0.0493406224014,0.130397966745,0.00662436661056
26,BR,2003,20798.8894883,8.5,19.9,40.5714285714,20.6156746032,0.166201108051,0.0433999818838,0.483273968689,0.00965710704285
27,BR,2006,24011.0467954,7.75,40.4095238095,43.75,30.2293290043,0.131264033406,0.0763394906144,0.451419393835,0.0122661156515
28,BR,2009,25156.854675,17.0333333333,58.7833333333,82.4285714286,43.671368185,0.275358470696,0.105992341782,0.811773149299,0.016913368034
29,BR,2012,15368.66581,13.4904761905,23.5119047619,46.4404761905,25.4036796537,0.356981943231,0.0693950137377,0.748641240174,0.016104605935
30,CA,2000,47093.6493225,17.8507936508,509.243743738,24.7166666667,220.150025457,0.154152410662,0.490501088919,0.13002917442,0.0455455589685
31,CA,2003,57453.7755113,52.3891813742,837.291188908,82.7201195863,440.532758835,0.370832830164,0.661050391924,0.356702234988,0.0747049325063
32,CA,2006,61443.4473087,33.7884670885,760.464204082,106.197125097,507.912821097,0.223639262676,0.561409582721,0.428203720143,0.0805384456567
33,CA,2009,58872.5355669,42.07751924,503.598734149,140.862948163,606.577732539,0.290664854795,0.388014993955,0.592785105568,0.100383738238
34,CA,2012,51813.8913246,45.0656357531,367.008886287,115.804592683,599.231655461,0.353715774925,0.32129723574,0.553723331962,0.112677753512
35,CN,2000,188985.412132,176.40952381,715.644805195,105.083333333,853.248585717,0.379619822778,0.171769424357,0.137758627903,0.0439882755594
36,CN,2003,345404.47264,355.233766234,1894.104152,230.355555556,4861.86751761,0.418255268189,0.248743945287,0.165228128536,0.137140208522
37,CN,2006,579570.505368,619.876521164,3948.52405334,758.58015873,8512.10772362,0.434964734949,0.309033194499,0.324271255722,0.143093688052
38,CN,2009,578987.178988,632.887059885,3763.35621801,1318.37341089,6822.46061806,0.444541597405,0.294837690347,0.564134602129,0.114805245739
39,CN,2012,94250.629944,74.7986399711,925.969232837,258.466269841,3686.96790252,0.322748755477,0.445644872749,0.679411453059,0.381131406165
40,CY,2000,250.702723665,0.0,0.766666666667,0.0,1.0,0.0,0.138715230628,0.0,0.0388624869979
41,CY,2003,403.240873016,0.0,0.0,0.0,2.69259259259,0.0,0.0,0.0,0.0650572561177
42,CY,2006,465.475,0.75,0.75,5.5,7.47638888889,0.655269628909,0.073087233282,2.92738321897,0.156489486238
43,CY,2009,437.901984127,0.0,0.5,8.04166666667,7.53452380952,0.0,0.0517928381923,4.54969626481,0.167636482152
44,CY,2012,304.198484848,1.0,0.241666666667,4.0,3.74166666667,1.33689743466,0.0360359789409,3.25773830806,0.119838865878
45,CZ,2000,6507.17128705,1.5,1.45,7.33333333333,16.2442057942,0.093746304519,0.0101077009136,0.279204515293,0.0243218096965
46,CZ,2003,6056.99091187,3.0,8.81897748085,10.5,9.4931022681,0.201427827748,0.0660446937654,0.429482652918,0.015270064779
47,CZ,2006,6677.07971794,8.64444444444,7.77426739927,16.25,17.0902561328,0.526508834458,0.0528140572837,0.60294827088,0.0249374276027
48,CZ,2009,7808.87478348,8.10674603175,28.552526455,17.9380952381,43.2469636845,0.422195155109,0.16585657885,0.569116420881,0.0539581193797
49,CZ,2012,8420.70787429,11.55,21.9957792208,10.7261904762,43.8907936508,0.557812856125,0.118486090424,0.315580495413,0.0507825464709
50,DE,2000,452241.770091,412.372450926,2104.45640562,543.486544012,6892.46155382,0.370829357084,0.21107941435,0.29773601667,0.148488671581
51,DE,2003,471536.068903,430.703250213,2993.16543914,1135.06635281,9131.03981599,0.371465399375,0.28793364998,0.596375208518,0.188666572603
52,DE,2006,483387.718279,459.707294744,2464.01853648,1056.0103126,9837.99917636,0.38675943755,0.231219777002,0.541234905628,0.198289999646
53,DE,2009,435650.724501,639.014077924,3478.43529827,1655.01861259,9971.61932382,0.596522902008,0.36217803498,0.941190839775,0.22300617661
54,DE,2012,332561.733124,1278.13430745,4107.37723305,1985.81015633,8505.12404097,1.56300135305,0.560233321134,1.47937645629,0.24917130056
55,DK,2000,18455.610111,2.41666666667,56.0171911422,131.527056277,33.0170764421,0.0532529267781,0.1376795826,1.76563099244,0.0174300988614
56,DK,2003,20287.7752851,1.16666666667,67.8189393939,227.870238095,53.103711335,0.023386622224,0.151632811325,2.78270027117,0.0255023434605
57,DK,2006,20517.7243379,0.5,138.991432179,274.946305916,54.1094949495,0.00991050877095,0.307280823819,3.31995309879,0.0256941308591
58,DK,2009,18647.5226626,3.3253968254,194.460108225,777.211203426,95.0996234321,0.0725232855273,0.473027074121,10.3259771269,0.0496875171146
59,DK,2012,13402.1758919,5.70833333333,83.9845471195,1077.052114,53.9351190476,0.173216455952,0.284250142099,19.9101556025,0.039209018436
60,EE,2000,242.996825397,0.333333333333,0.0,0.0,2.87777777778,0.557870352637,0.0,0.0,0.115384187638
61,EE,2003,386.770898546,1.83333333333,1.81983471074,1.0,3.85,1.92771480096,0.213429660766,0.640559476598,0.0969832161502
62,EE,2006,434.151831502,0.5,0.0,1.0,8.04686868687,0.468363996778,0.0,0.5706523533,0.180582191343
63,EE,2009,837.297379297,1.0,9.33333333333,7.83333333333,8.98188405797,0.485708165435,0.505630966747,2.31782224008,0.104514694341
64,EE,2012,684.0,0.0,2.18813131313,4.66666666667,0.75,0.0,0.145108849428,1.69030053641,0.0106830387487
65,ES,2000,24770.8475676,15.0595238095,44.4296536797,68.5083333333,39.255954402,0.247243856548,0.0813595767066,0.685197524714,0.0154402495648
66,ES,2003,27997.6429497,15.3333333333,42.9865079365,90.4952380952,48.6490411805,0.222725653949,0.0696445785365,0.800787907464,0.0169294346946
67,ES,2006,31556.3426535,6.99880952381,55.0804040404,196.063578219,110.636373845,0.0901971151715,0.079174817931,1.53930085727,0.0341586667942
68,ES,2009,31373.7918248,28.3847222222,44.4914862915,342.23969216,191.032534766,0.367936416701,0.0643259965,2.7025679125,0.0593239376387
69,ES,2012,27184.6289493,46.9507936508,49.6858140933,396.559112554,189.11121851,0.7023840888,0.0829059346372,3.61408010621,0.0677771847014
70,FI,2000,30777.2253854,2.5,25.3865079365,24.1333333333,92.5687624875,0.0330343434901,0.0374153764749,0.194267922826,0.0293038467808
71,FI,2003,31997.2060511,2.33333333333,34.8544261294,10.2228327228,152.145337559,0.029656497858,0.0494108696531,0.0791539234357,0.0463272191636
72,FI,2006,29379.7810101,4.66468253968,40.5113837551,25.9711843712,247.987201302,0.0645696860609,0.0625468067988,0.219006220818,0.0822375862621
73,FI,2009,24422.5495186,5.37142857143,81.2836670274,37.869047619,199.190985965,0.0894445621808,0.150969392852,0.384155127461,0.0794636161176
74,FI,2012,16622.7420517,17.1125,90.1354074761,27.2102513228,210.86492304,0.418664302275,0.245962772591,0.4055488157,0.123592272596
75,FR,2000,154015.538153,124.846121934,463.507769083,57.0317460317,1777.51363961,0.329659545361,0.136511456222,0.0917414035522,0.112444455619
76,FR,2003,155955.238166,142.59210941,553.040739296,82.4238095238,2124.56061239,0.371835340288,0.160854708268,0.130938079576,0.132726854289
77,FR,2006,161559.778934,145.638316498,996.487441152,88.1333333333,2588.50120911,0.366604284589,0.27977905475,0.135151290176,0.156100668849
78,FR,2009,150145.589693,242.366728206,925.932413444,175.03277417,2895.3215062,0.656471016825,0.279732757602,0.288815200236,0.187877104458
79,FR,2012,114171.353501,283.550710678,1042.58092653,188.884880952,3087.08085028,1.01001710086,0.414218264784,0.409876762494,0.263439258966
80,GB,2000,108443.697756,35.2313492063,418.13234783,26.2107142857,812.633045777,0.132123507271,0.174898493354,0.0598808268416,0.0730095720866
81,GB,2003,114029.67933,11.91749038,531.987366377,72.3452380952,1288.51041311,0.0425032406045,0.21162162015,0.15718290005,0.110092991211
82,GB,2006,108789.355192,25.4082932167,496.49667139,157.826608947,1421.71648561,0.0949826378259,0.207017260787,0.359423999741,0.127325748719
83,GB,2009,97179.7211982,39.4622060946,572.942111195,278.976919007,1410.40259582,0.165143257959,0.267430979164,0.711223134693,0.14140250128
84,GB,2012,73509.9691507,76.2563538749,411.21507918,335.977380952,1226.06732838,0.421876109255,0.25374612014,1.13234052353,0.162501629848
85,GR,2000,856.539529005,0.0,6.67380952381,0.0,4.5605952381,0.0,0.353429678982,0.0,0.0518756750436
86,GR,2003,1037.15039168,0.0,2.8375,4.0,10.58502886,0.0,0.124099706303,0.955501791534,0.0994351544667
87,GR,2006,1256.60015394,0.0714285714286,0.63084814151,1.85,16.1003647587,0.023116921182,0.022772165873,0.36474375925,0.124832666844
88,GR,2009,1996.34768551,0.253968253968,15.1191391941,19.1333333333,17.6911706349,0.0517366601048,0.343532242167,2.37447557793,0.0863396000854
89,GR,2012,2136.45032077,3.4,9.36470238095,32.5,29.7142063492,0.647204092802,0.198828117333,3.76880625897,0.135506765325
90,HR,2000,1067.52857143,0.0,0.0,5.0,2.475,0.0,0.0,1.16038938426,0.0225883931436
91,HR,2003,1389.85793618,1.0,0.133333333333,9.0,3.82037037037,0.292607009275,0.00435155968441,1.60429913086,0.0267808710792
92,HR,2006,1357.68118064,0.0,2.33333333333,8.0,7.06904761905,0.0,0.0779570876774,1.45984060393,0.0507285853004
93,HR,2009,989.678734174,0.5,0.0,8.66666666667,3.48333333333,0.205461711957,0.0,2.16955720084,0.0342918124082
94,HR,2012,711.628471528,0.797619047619,2.25,10.3333333333,2.91137566138,0.455824157274,0.143418713302,3.59749644733,0.0398597502841
95,HU,2000,4322.58823865,0.5,11.8333333333,0.5,5.90833333333,0.0470415121183,0.124176624456,0.0286575716512,0.0133171338131
96,HU,2003,4955.06504052,3.80833333333,10.125,10.6666666667,10.331547619,0.312565277496,0.0926877397281,0.533325825455,0.0203144778631
97,HU,2006,4680.80441656,5.16666666667,8.83333333333,11.1666666667,8.72420634921,0.448895327694,0.0856013755505,0.591039229346,0.018159131611
98,HU,2009,4126.47630194,4.0,11.3546626984,31.8333333333,17.9692626818,0.394217384775,0.124816356633,1.91124345671,0.0424268261117
99,HU,2012,3298.0716304,3.20833333333,4.54722222222,27.1666666667,15.7912698413,0.395616627292,0.0625406965677,2.04074866125,0.0466494591558
100,ID,2000,369.13590766,0.0,2.33333333333,0.0,4.35357142857,0.0,0.286726023237,0.0,0.114907671204
101,ID,2003,179.031782107,0.0,0.95,0.0,9.85021645022,0.0,0.240696674345,0.0,0.536049976251
102,ID,2006,190.746933622,0.0,0.144412878788,0.0,20.7458919553,0.0,0.0343419522119,0.0,1.05965426046
103,ID,2009,259.131204906,0.0,0.176388888889,1.0,26.2676978114,0.0,0.0308765045647,0.956078463903,0.987624691118
104,ID,2012,241.51740711,0.0,0.559797979798,0.0357142857143,36.5221560847,0.0,0.105137950896,0.0366358929364,1.47332179214
105,IE,2000,5036.6830217,2.07407407407,2.85324074074,1.5,24.1636408527,0.167469135916,0.0256962894662,0.073783608161,0.046742011103
106,IE,2003,5781.57169815,0.0,1.77946127946,3.86904761905,85.976340922,0.0,0.0139610873952,0.165794992412,0.144884752814
107,IE,2006,6570.68165714,0.0833333333333,15.9671201814,1.0,106.401736333,0.0051577877208,0.110228218076,0.037705336716,0.157771273289
108,IE,2009,7060.67127929,1.5,13.9099206349,22.3888888889,104.226605617,0.0863973462158,0.0893624935145,0.785596967563,0.143820979908
109,IE,2012,5137.33233997,1.75,16.3083333333,21.0666666667,83.9476002239,0.138533728683,0.143995373002,1.01594784153,0.159206306096
110,IL,2000,14338.4208655,0.333333333333,104.300030014,1.5,183.10002679,0.00945436920464,0.329958810126,0.0259181014416,0.124416140792
111,IL,2003,19535.6040285,1.0,92.7994213792,8.53571428571,221.752072711,0.0208174865455,0.215474084233,0.108249593902,0.110593724949
112,IL,2006,23561.4171662,2.50555555556,83.3253240458,9.08333333333,275.468627627,0.0432471770809,0.160417676508,0.0955118139474,0.113909613586
113,IL,2009,23890.3178633,9.88019480519,79.7643149971,19.6797619048,382.863825918,0.168189436663,0.151447926239,0.204085035703,0.156139235541
114,IL,2012,19242.2181056,9.85833333333,81.3301587302,35.1416666667,297.214114148,0.208354796221,0.191722510028,0.452460292638,0.150488716591
115,IN,2000,3485.53812455,0.266666666667,3.17418470418,2.2,66.9462450295,0.0311138699001,0.0413084573151,0.156374557404,0.187131124493
116,IN,2003,9216.87655444,0.302777777778,23.7446645022,0.0666666666667,108.0005179,0.0133596586853,0.116858117535,0.00179200088644,0.11416466568
117,IN,2006,12518.9720635,0.765873015873,22.2128510379,8.28214285714,186.087665109,0.0248795908754,0.0804845004971,0.163903148809,0.144823339724
118,IN,2009,17160.8270005,12.2944444444,47.4770812741,26.3863888889,369.889906608,0.291357251891,0.125493842793,0.380938612614,0.210002231412
119,IN,2012,18348.1691176,18.7513095238,72.6855035474,72.0238876864,333.320287999,0.415617671389,0.179693218826,0.972516717418,0.176994045508
120,IT,2000,60078.3531888,43.4714285714,191.571228077,4.5,698.510450657,0.294266639162,0.144640156426,0.0185569989911,0.113277728149
121,IT,2003,65840.0403578,13.5119047619,224.985623821,46.0020833333,576.981265839,0.0834606232603,0.155003426627,0.173101432546,0.0853810056354
122,IT,2006,60449.551728,24.0728057128,270.801675851,43.3916666667,539.774122145,0.161952912507,0.203205230361,0.177838790917,0.0869978694658
123,IT,2009,50446.7780546,23.7382936508,155.384477675,102.822655123,539.697171924,0.191368829522,0.139717503696,0.504973549499,0.10423326707
124,IT,2012,34110.1725509,33.7404220779,113.601510989,132.375615079,545.675103255,0.402273784532,0.151069506572,0.961473513242,0.155861863682
125,JP,2000,342752.440676,319.324058284,4511.08496483,26.819047619,21111.8127666,0.378883960634,0.597003765195,0.0193854570787,0.600115178804
126,JP,2003,435397.282729,464.039202255,6974.37010424,112.563510101,29593.301212,0.433435115675,0.726600838875,0.0640508891686,0.662212451095
127,JP,2006,529025.633705,693.422558627,9872.85977221,212.480812706,39143.1521582,0.533060357932,0.846531009923,0.0995076002369,0.720889536465
128,JP,2009,482039.247336,1002.9637905,10333.817074,460.966912254,38577.018787,0.846170715433,0.972422477658,0.236919388844,0.779715028129
129,JP,2012,414051.537128,1355.67726346,11133.586111,661.941908647,37384.7169426,1.33154867774,1.21971198255,0.396076181745,0.879689356589
130,KR,2000,220439.626575,88.5117063492,1371.91267366,75.15,21523.561365,0.163292479323,0.282301652673,0.0844602900085,0.951292577491
131,KR,2003,194866.220953,153.260508658,1548.61448353,111.0,17792.9205458,0.319851827309,0.360481824899,0.141123606271,0.889611356684
132,KR,2006,406939.337584,314.745080328,6453.89596934,211.248412698,41635.6614308,0.31454617853,0.719397469913,0.128610678862,0.996839954017
133,KR,2009,444711.965931,516.958508421,5813.59397422,908.088888889,40418.328336,0.472750513119,0.59298335237,0.505897806792,0.885501241196
134,KR,2012,397730.563251,975.301000203,7865.52846406,1328.69250992,30454.6261418,0.997251827585,0.897047749497,0.827653911023,0.74602597553
135,LT,2000,320.042895993,0.0,0.0,0.5,0.866666666667,0.0,0.0,0.387057121777,0.0263835689923
136,LT,2003,306.523917749,0.0,1.0,1.6,0.504761904762,0.0,0.14798314451,1.29320943647,0.0160439701301
137,LT,2006,376.276258829,0.0,0.0,1.0,5.51006216006,0.0,0.0,0.658425182357,0.142672188421
138,LT,2009,394.368971672,0.0,0.166666666667,9.0,8.29255102041,0.0,0.0191700228611,5.653963773,0.204868437982
139,LT,2012,367.00952381,0.166666666667,0.333333333333,2.66666666667,2.6680952381,0.184682843195,0.0411981799501,1.80013322644,0.0708294118372
140,LU,2000,2256.11577034,0.5,30.0607142857,0.0,4.99087301587,0.0901288354454,0.604386191995,0.0,0.0215528536937
141,LU,2003,2266.92014637,0.0,15.0321273964,1.36458333333,10.2293650794,0.0,0.300788234655,0.149134145634,0.0439644959558
142,LU,2006,2283.71973304,0.0,9.94603174603,5.72916666667,11.4890873016,0.0,0.197553012083,0.621529722308,0.04901537921
143,LU,2009,2476.35242258,0.283333333333,18.4380952381,12.2694444444,27.7604166667,0.0465307825018,0.337738228923,1.22751186056,0.109220251146
144,LU,2012,1996.55822255,2.02222222222,5.55025641026,23.6094246032,16.1158210506,0.41190971563,0.126097851478,2.92965630327,0.0786430048426
145,LV,2000,418.5503663,0.0,1.75,2.5,0.0,0.0,0.189656154956,1.47980855044,0.0
146,LV,2003,475.254888335,1.0,1.75,30.0,0.0,0.855713815899,0.167027536331,15.6389615604,0.0
147,LV,2006,346.875619642,1.0,0.0,1.0,0.025,1.17241498391,0.0,0.71423227897,0.000702191995277
148,LV,2009,318.448518075,0.0,0.0,10.0,2.0,0.0,0.0,7.77990005522,0.061189993269
149,LV,2012,231.058269508,0.0,0.0,6.0,1.61666666667,0.0,0.0,6.43343598643,0.0681692646818
150,MT,2000,81.2666666667,0.0,0.0,0.0,0.129166666667,0.0,0.0,0.0,0.0154855861106
151,MT,2003,138.05,0.0,0.0833333333333,0.0,0.366666666667,0.0,0.027381608847,0.0,0.025877639678
152,MT,2006,219.942063492,0.0,8.36333333333,0.0,2.09523809524,0.0,1.72483569221,0.0,0.092814264703
153,MT,2009,360.065873016,0.0,5.19428571429,0.2,6.63095238095,0.0,0.654365648754,0.13761357735,0.179425262431
154,MT,2012,186.95525308,0.0,0.8,0.5,2.50476190476,0.0,0.194101518812,0.662591075282,0.130532428782
155,MX,2000,1333.51327255,0.0,2.97916666667,0.0,2.68523809524,0.0,0.101338407839,0.0,0.0196189201328
156,MX,2003,2502.64082307,1.0,7.69444444444,2.0,7.54047619048,0.162501214826,0.139461831068,0.19799066814,0.0293555276124
157,MX,2006,3114.09778637,0.5,12.2095238095,3.0,3.12754435107,0.0652969498584,0.177845589568,0.238672432273,0.00978500097359
158,MX,2009,3991.60324252,1.89285714286,10.0214285714,13.3,18.1959565897,0.192852648723,0.113882997016,0.825500849025,0.0444137217368
159,MX,2012,4120.06562113,2.7,4.5,13.3762626263,21.1266761017,0.266510772117,0.0495433078602,0.804347847364,0.0499593389046
160,NL,2000,55000.1974717,16.7858974359,160.424787851,42.5166666667,1137.83416846,0.124118195496,0.132307311328,0.191517387777,0.201560006832
161,NL,2003,68180.3362757,12.7308080808,229.855326033,86.294047619,2064.49766577,0.0759367434978,0.152922733211,0.313570321431,0.295015544149
162,NL,2006,71910.0316765,6.70569551056,147.361888291,55.365,2406.87703367,0.0379235937599,0.0929549062186,0.190747596443,0.326102452373
163,NL,2009,58556.6430884,7.62072649573,175.245549887,143.64527417,2003.25659889,0.0529267638213,0.135752378006,0.6077548327,0.333311311365
164,NL,2012,34072.0731926,29.625,49.3294107744,108.195238095,1125.91205956,0.35360218139,0.0656725662274,0.786724793317,0.321955280729
165,PL,2000,11062.556974,4.125,23.9555555556,24.5,44.2171572872,0.15164341949,0.0982262006107,0.548685917777,0.0389425996591
166,PL,2003,9887.91809686,8.125,20.1041666667,35.3666666667,42.057350987,0.334174760709,0.0922269474992,0.886140363036,0.0414406631349
167,PL,2006,9003.33720357,4.64583333333,19.7130952381,26.0166666667,34.2236186782,0.209853030873,0.099317990321,0.715914875755,0.0370349748551
168,PL,2009,11206.2700096,6.66666666667,55.8444444444,79.7861111111,58.0158618498,0.241937280752,0.226045315692,1.76392235849,0.0504400267065
169,PL,2012,13253.6835348,16.7763888889,46.2513888889,100.814285714,80.9380879306,0.514774499303,0.158294126779,1.88451123507,0.0594984957447
170,PT,2000,1014.50977633,0.0,0.333333333333,6.63333333333,10.876489899,0.0,0.0149038725481,1.61990234932,0.104453300268
171,PT,2003,1337.2823136,0.0,0.27619047619,6.0,9.34791514042,0.0,0.00936833079393,1.11158172878,0.0681053614838
172,PT,2006,1684.34023652,2.16666666667,6.83333333333,3.5,6.90238095238,0.523139381983,0.184026091397,0.514815330286,0.0399262703788
173,PT,2009,2519.8536302,4.33333333333,4.3,19.6,40.0204695767,0.699361819925,0.0774051327787,1.9270545411,0.154737831816
174,PT,2012,1663.10205978,2.0,6.80625,20.3833333333,26.3896103896,0.489064602656,0.185637458859,3.03647391933,0.154597945791
175,RO,2000,2024.55331511,5.0,5.83333333333,8.75,6.2,1.00437506631,0.130696571495,1.07075986676,0.0298367910836
176,RO,2003,1588.33888889,7.25,1.66666666667,3.0,13.0132936508,1.85630773274,0.0475972870496,0.467941254985,0.0798240397046
177,RO,2006,1550.51208094,7.58333333333,8.66666666667,13.75,19.701031746,1.98902448052,0.25354412866,2.19705431612,0.123795100963
178,RO,2009,1984.99519418,9.08333333333,2.93949013949,25.6333333333,44.1428124653,1.86097667047,0.0671721373345,3.19932879994,0.21666570892
179,RO,2012,3227.78882201,6.31666666667,9.62182539683,43.8333333333,39.709456747,0.795862391942,0.135216278104,3.36443881624,0.119861159425
180,RU,2000,6451.00012,1.33333333333,22.6023890924,15.6515151515,96.9113198838,0.0840556330195,0.15892928007,0.60109426727,0.146364953963
181,RU,2003,36218.7040211,38.5333333333,107.915421935,96.8333333333,221.372519437,0.432672018391,0.135153477934,0.662376972385,0.0595498186768
182,RU,2006,61744.803573,72.7929292929,218.130521284,141.122222222,482.298356785,0.479450658601,0.160248009268,0.566250036844,0.0761035666655
183,RU,2009,70595.7743622,88.5166666667,243.726319444,227.905555556,603.276532687,0.509919336708,0.156603095758,0.799814835801,0.0832582670757
184,RU,2012,60590.1369284,88.1285714286,168.582593162,176.133333333,524.360413211,0.59152068041,0.126208154185,0.720199590845,0.0843174774258
185,SA,2000,212.55,0.0,0.0,0.0,1.02506613757,0.0,0.0,0.0,0.046987292383
186,SA,2003,359.503607504,0.0,1.04395604396,0.666666666667,0.775,0.0,0.131721169931,0.459429352335,0.0210033268928
187,SA,2006,543.527380952,0.0,1.47916666667,0.0,1.90972222222,0.0,0.123444658724,0.0,0.034232484212
188,SA,2009,778.55103835,0.0,2.68472222222,0.2,4.84861111111,0.0,0.156418777938,0.0636438080825,0.0606764140268
189,SA,2012,1622.23303665,0.0,7.8080952381,0.666666666667,17.0103968254,0.0,0.218327518984,0.101814292907,0.102162343246
190,SE,2000,58379.2958614,12.7638768095,107.904565826,52.9551587302,666.840269763,0.0889157892919,0.0838412198257,0.224730838257,0.111289094299
191,SE,2003,51717.6218234,5.21746031746,118.325755608,69.1913492063,327.878434643,0.0410275652663,0.103780882535,0.33145647181,0.0617680582278
192,SE,2006,48081.5608407,13.1426282051,74.406736156,28.0611111111,234.546542136,0.111162626948,0.0701956688345,0.144590432241,0.047526969088
193,SE,2009,44015.0165344,24.75,111.599531025,97.4797619048,344.772115189,0.228680677631,0.115010666281,0.548689741388,0.0763169324993
194,SE,2012,29006.0194224,68.1162698413,73.3603174603,80.7819444444,199.989104652,0.955031860865,0.114722786701,0.689984634129,0.0671750262161
195,SI,2000,1388.09880952,0.0,3.75,1.0,10.3650793651,0.0,0.122542716983,0.178481360719,0.0727514899386
196,SI,2003,1937.82291407,0.0,5.14285714286,3.0,2.63095238095,0.0,0.120383507544,0.383548614071,0.0132278281039
197,SI,2006,2203.81342269,0.0,3.96666666667,1.5,2.91428571429,0.0,0.0816446068305,0.168627998486,0.0128838881384
198,SI,2009,2164.87473009,0.333333333333,3.23333333333,2.33333333333,6.30952380952,0.0626182766096,0.0677476644228,0.26702828363,0.0283957572242
199,SI,2012,1860.93606382,0.623333333333,5.39431216931,2.5,17.9287037037,0.136220991182,0.131486523369,0.332829495265,0.0938657337965
200,SK,2000,1099.60454896,0.0,1.33333333333,0.0,0.7125,0.0,0.0550020438515,0.0,0.00631303188537
201,SK,2003,1014.86497114,0.0,8.86,2.0,7.71,0.0,0.3960062847,0.48824182799,0.0740177292133
202,SK,2006,1059.2784632,1.0,7.2,7.0,4.62027777778,0.383923763343,0.308318066023,1.63719778188,0.0424959542921
203,SK,2009,1491.2702381,5.41666666667,1.59226190476,3.04166666667,8.21746031746,1.4771714205,0.048432264262,0.50532236251,0.0536872188601
204,SK,2012,1789.45371789,3.5,5.56111111111,9.16666666667,17.5,0.79543136257,0.140967085638,1.26912447285,0.0952812004714
205,TR,2000,1239.29879698,3.0,1.0,4.0,2.91577380952,0.984465187122,0.0366016438704,0.799644976468,0.0229227883501
206,TR,2003,2770.47601149,0.0,1.44762786596,3.0,2.34166666667,0.0,0.0237016815903,0.268274942619,0.00823493777135
207,TR,2006,7552.35215772,3.92857142857,6.05802373581,5.97619047619,18.8392496392,0.211547334659,0.0363852495049,0.196044854793,0.0243036224842
208,TR,2009,13433.4166406,9.91666666667,45.7162698413,31.5833333333,31.9187830688,0.3002163684,0.154369295431,0.582484977547,0.0231499193523
209,TR,2012,12776.066499,13.6595238095,42.2344444444,42.1083333333,48.168968254,0.434804001637,0.149949921027,0.816552548526,0.0367332895766
210,TW,2000,74922.8591464,19.3738095238,265.961038961,6.66666666667,9847.34018251,0.105161269418,0.161020176293,0.0220448754144,1.28054321953
211,TW,2003,116720.439734,23.7293123543,490.054437229,33.7833333333,11702.5591106,0.0826786495862,0.190446953589,0.071708202016,0.976840304601
212,TW,2006,162668.784879,78.0321898853,1036.00424132,130.153571429,13240.4378933,0.195085373323,0.28889094533,0.198228053851,0.793026623919
213,TW,2009,180140.754605,85.8011904762,1645.72149832,330.484082298,13550.1465018,0.193703055996,0.414401180548,0.454518766094,0.732861074588
214,TW,2012,164822.036476,171.401190476,1080.84599537,366.037301587,14138.4874026,0.422915589828,0.297457662746,0.55020346275,0.835751789887
215,US,2000,793981.280713,254.491971081,4804.93019882,101.096140379,23358.2533977,0.130352378053,0.274507009661,0.0315455106596,0.286628746263
216,US,2003,955529.889576,373.700290895,6347.04610377,301.250006938,31219.0541451,0.159050227933,0.301303374417,0.0781080937804,0.318320865015
217,US,2006,1000924.87529,434.828771511,6192.75759911,467.476045705,33545.4055559,0.176673708977,0.280646233164,0.115710062778,0.326528584841
218,US,2009,915902.220534,494.145249989,5596.83811089,1223.12474454,31785.5997106,0.219412138155,0.27718533687,0.330852857891,0.338120061944
219,US,2012,756882.637902,726.333016934,5009.55295377,1416.62000842,27660.9684447,0.390267494059,0.300225134319,0.463701049098,0.356064339205
220,ZA,2000,3461.04734488,0.75,16.3416666667,0.0,6.66111111111,0.0881269743298,0.214173348442,0.0,0.0187511876402
221,ZA,2003,3647.68828671,0.157894736842,19.2771062271,0.8,6.80396825397,0.0176037451115,0.23971805271,0.0543357315346,0.018173316994
222,ZA,2006,4022.12680375,0.0526315789474,14.5158163265,4.55555555556,35.9005875077,0.00532164349681,0.16370514363,0.280607218613,0.0869631854429
223,ZA,2009,3356.57987472,0.0,26.0242913832,6.89285714286,39.8253968254,0.0,0.351688806428,0.508763025604,0.115598651393
224,ZA,2012,2172.96501425,1.66111111111,15.2,6.96666666667,24.9774531025,0.310885943183,0.317298101148,0.794301801251,0.111991499632
